:020000040800F2
:10000000000005201111000831100008331000080D
:1000100035100008371000083910000800000000F3
:100020000000000000000000000000003B1000087D
:100030003D100008000000003F10000841100008BB
:1000400061110008611100086111000861110008C8
:1000500061110008611100086111000861110008B8
:1000600061110008611100086111000861110008A8
:100070006111000861110008611100086111000898
:100080006111000861110008611100086111000888
:100090006111000861110008611100086111000878
:1000A0006111000861110008611100086111000868
:1000B0006111000861110008611100086111000858
:1000C0006111000861110008611100086111000848
:1000D0006111000861110008611100086111000838
:1000E00061110008611100080000000061110008A2
:1000F0006111000861110008611100086111000818
:100100006111000861110008611100086111000807
:1001100061110008611100086111000861110008F7
:1001200061110008611100086111000861110008E7
:100130006111000861110008611100080000000051
:1001400061110008611100086111000845100008E4
:1001500061110008611100086111000861110008B7
:1001600061110008611100086111000861110008A7
:100170006111000861110008000000006111000811
:100180006111000861110008611100086111000887
:1001900061110008611100086111000800000000F1
:1001A000000000000000000061110008611100085B
:0C01B0006111000800000000611100084F
:1001C00010B5054C237833B9044B13B10448AFF391
:1001D00000800123237010BDD00200200000000029
:1001E0002C9E000808B5034B1BB103490348AFF32D
:1001F000008008BD00000000D40200202C9E0008F2
:1002000001F0FF01102A2BDB10F0070F08D010F8C7
:10021000013B013A8B422DD010F0070F42B3F6D1CB
:10022000F0B441EA012141EA014122F007047FF0E4
:1002300000070023F0E80256083C85EA010586EA3B
:10024000010685FA47F5A3FA87F586FA47F6A5FA77
:1002500087F68EB9EED1F0BC01F0FF0102F0070283
:1002600032B110F8013B013A83EA010313B1F8D12E
:100270000020704701387047002D06BF354603380F
:10028000073815F0010F07D1013015F4807F02BF48
:10029000013015F4C03F0130F0BC0138704700BF99
:1002A000034613F8012B002AFBD1181A01387047B6
:1002B00081F0004102E000BF83F0004330B54FEA17
:1002C00041044FEA430594EA050F08BF90EA020F84
:1002D0001FBF54EA000C55EA020C7FEA645C7FEA17
:1002E000655C00F0E2804FEA5454D4EB5555B8BF3A
:1002F0006D420CDD2C4480EA020281EA030382EAAB
:10030000000083EA010180EA020281EA0303362D3C
:1003100088BF30BD11F0004F4FEA01314FF4801C0F
:100320004CEA113102D0404261EB410113F0004F21
:100330004FEA03334CEA133302D0524263EB4303D8
:1003400094EA050F00F0A780A4F10104D5F1200E76
:100350000DDB02FA0EFC22FA05F2801841F10001D1
:1003600003FA0EF2801843FA05F359410EE0A5F1A5
:1003700020050EF1200E012A03FA0EFC28BF4CF0D6
:10038000020C43FA05F3C01851EBE37101F000458C
:1003900007D54FF0000EDCF1000C7EEB00006EEB99
:1003A0000101B1F5801F1BD3B1F5001F0CD3490823
:1003B0005FEA30004FEA3C0C04F101044FEA44527A
:1003C00012F5800F80F09A80BCF1004F08BF5FEA01
:1003D000500C50F1000041EB045141EA050130BDE1
:1003E0005FEA4C0C404141EB0101013C28BFB1F5F3
:1003F000801FE9D291F0000F04BF01460020B1FA3E
:1004000081F308BF2033A3F10B03B3F120020CDA10
:100410000C3208DD02F1140CC2F10C0201FA0CF0EE
:1004200021FA02F10CE002F11402D8BFC2F1200C53
:1004300001FA02F120FA0CFCDCBF41EA0C01904009
:10044000E41AA2BF01EB0451294330BD6FEA040452
:100450001F3C1CDA0C340EDC04F11404C4F120023D
:1004600020FA04F001FA02F340EA030021FA04F34F
:1004700045EA030130BDC4F10C04C4F1200220FAA6
:1004800002F001FA04F340EA0300294630BD21FAE4
:1004900004F0294630BD94F0000F83F4801306BFAA
:1004A00081F480110134013D4EE77FEA645C18BF9E
:1004B0007FEA655C29D094EA050F08BF90EA020F35
:1004C00005D054EA000C04BF1946104630BD91EA2D
:1004D000030F1EBF0021002030BD5FEA545C05D130
:1004E0004000494128BF41F0004130BD14F580046F
:1004F0003CBF01F5801130BD01F0004545F0FE41E3
:1005000041F470014FF0000030BD7FEA645C1ABF17
:10051000194610467FEA655C1CBF0B46024650EA4E
:10052000013406BF52EA033591EA030F41F400217A
:1005300030BD00BF90F0000F04BF0021704730B500
:100540004FF4806404F132044FF000054FF00001D5
:1005500050E700BF90F0000F04BF0021704730B596
:100560004FF4806404F1320410F0004548BF40426B
:100570004FF000013EE700BF42004FEAE2014FEAC0
:1005800031014FEA02701FBF12F07F4393F07F4F9B
:1005900081F06051704732F07F4208BF704793F09E
:1005A0007F4F04BF41F40021704730B54FF46074B1
:1005B00001F0004521F000411CE700BF50EA0102B4
:1005C00008BF704730B54FF000050AE050EA01025D
:1005D00008BF704730B511F0004502D5404261EBCD
:1005E00041014FF4806404F132045FEA915C3FF40E
:1005F000D8AE4FF003025FEADC0C18BF03325FEAAB
:10060000DC0C18BF033202EBDC02C2F1200300FA5B
:1006100003FC20FA02F001FA03FE40EA0E0021FA80
:1006200002F11444BDE600BF70B54FF0FF0C4CF46E
:10063000E06C1CEA11541DBF1CEA135594EA0C0F20
:1006400095EA0C0F00F0DEF82C4481EA030621EA5B
:100650004C5123EA4C5350EA013518BF52EA033596
:1006600041F4801143F4801338D0A0FB02CE4FF048
:100670000005E1FB02E506F00042E0FB03E54FF078
:100680000006E1FB03569CF0000F18BF4EF0010E70
:10069000A4F1FF04B6F5007F64F5407404D25FEA6C
:1006A0004E0E6D4146EB060642EAC62141EA55511F
:1006B0004FEAC52040EA5E504FEACE2EB4F1FD0C61
:1006C00088BFBCF5E06F1ED8BEF1004F08BF5FEADF
:1006D000500E50F1000041EB045170BD06F0004691
:1006E00046EA010140EA020081EA0301B4EB5C043E
:1006F000C2BFD4EB0C0541EA045170BD41F4801136
:100700004FF0000E013C00F3AB8014F1360FDEBF5A
:10071000002001F0004170BDC4F10004203C35DA36
:100720000C341BDC04F11404C4F1200500FA05F3B9
:1007300020FA04F001FA05F240EA020001F000425A
:1007400021F0004110EBD37021FA04F642EB0601D0
:100750005EEA430E08BF20EAD37070BDC4F10C04FA
:10076000C4F1200500FA04F320FA05F001FA04F2BE
:1007700040EA020001F0004110EBD37041F10001AA
:100780005EEA430E08BF20EAD37070BDC4F12005B5
:1007900000FA05F24EEA020E20FA04F301FA05F21D
:1007A00043EA020321FA04F001F0004121FA04F2C5
:1007B00020EA020000EBD3705EEA430E08BF20EA95
:1007C000D37070BD94F0000F0FD101F000464000CF
:1007D00041EB010111F4801F08BF013CF7D041EA51
:1007E000060195F0000F18BF704703F00046520055
:1007F00043EB030313F4801F08BF013DF7D043EA26
:100800000603704794EA0C0F0CEA135518BF95EADB
:100810000C0F0CD050EA410618BF52EA4306D1D162
:1008200081EA030101F000414FF0000070BD50EA81
:10083000410606BF1046194652EA430619D094EA0B
:100840000C0F02D150EA013613D195EA0C0F05D1F5
:1008500052EA03361CBF104619460AD181EA030149
:1008600001F0004141F0FE4141F470014FF0000001
:1008700070BD41F0FE4141F4780170BD70B54FF09C
:10088000FF0C4CF4E06C1CEA11541DBF1CEA13551C
:1008900094EA0C0F95EA0C0F00F0A7F8A4EB0504FE
:1008A00081EA030E52EA03354FEA013100F08880F5
:1008B0004FEA03334FF0805545EA131343EA1263BE
:1008C0004FEA022245EA111545EA10654FEA002673
:1008D0000EF000419D4208BF964244F1FD0404F52C
:1008E000407402D25B084FEA3202B61A65EB030588
:1008F0005B084FEA32024FF480104FF4002CB6EB45
:10090000020E75EB030E22BFB61A754640EA0C00C4
:100910005B084FEA3202B6EB020E75EB030E22BF04
:10092000B61A754640EA5C005B084FEA3202B6EB45
:10093000020E75EB030E22BFB61A754640EA9C0004
:100940005B084FEA3202B6EB020E75EB030E22BFD4
:10095000B61A754640EADC0055EA060E18D04FEA92
:10096000051545EA16754FEA06164FEAC30343EA32
:1009700052734FEAC2025FEA1C1CC0D111F4801FFF
:100980000BD141EA00014FF000004FF0004CB6E7F8
:1009900011F4801F04BF01430020B4F1FD0C88BF97
:1009A000BCF5E06F3FF6AFAEB5EB030C04BFB6EBA2
:1009B000020C5FEA500C50F1000041EB045170BD95
:1009C0000EF0004E4EEA113114EB5C04C2BFD4EBC2
:1009D0000C0541EA045170BD41F480114FF0000E46
:1009E000013C90E645EA060E8DE60CEA135594EAC2
:1009F0000C0F08BF95EA0C0F3FF43BAF94EA0C0FC5
:100A00000AD150EA01347FF434AF95EA0C0F7FF439
:100A100025AF104619462CE795EA0C0F06D152EA8D
:100A200003353FF4FDAE1046194622E750EA410671
:100A300018BF52EA43067FF4C5AE50EA41047FF482
:100A40000DAF52EA43057FF4EBAE12E74FF0FF3CE7
:100A500006E000BF4FF0010C02E000BF4FF0010CB8
:100A60004DF804CD4FEA410C7FEA6C5C4FEA430C31
:100A700018BF7FEA6C5C1BD001B050EA410C0CBF80
:100A800052EA430C91EA030F02BF90EA020F0020E2
:100A9000704710F1000F91EA030F58BF994208BF49
:100AA00090422CBFD8176FEAE37040F00100704706
:100AB0004FEA410C7FEA6C5C02D150EA013C07D15D
:100AC0004FEA430C7FEA6C5CD6D152EA033CD3D0A8
:100AD0005DF8040B704700BF8446104662468C46A2
:100AE0001946634600E000BF01B5FFF7B7FF0028D5
:100AF00048BF10F1000F01BD4DF808EDFFF7F4FFFE
:100B00000CBF012000205DF808FB00BF4DF808ED88
:100B1000FFF7EAFF34BF012000205DF808FB00BFAB
:100B20004DF808EDFFF7E0FF94BF012000205DF8CD
:100B300008FB00BF4DF808EDFFF7CEFF94BF012082
:100B400000205DF808FB00BF4DF808EDFFF7C4FF7B
:100B500034BF012000205DF808FB00BF4FEA410CC4
:100B60007FEA6C5C02D150EA013C0AD14FEA430CA7
:100B70007FEA6C5C02D152EA033C02D14FF00000E4
:100B800070474FF0010070474FEA410212F5001222
:100B900015D211D56FF47873B3EB625212D94FEAC4
:100BA000C12343F0004343EA505311F0004F23FAAE
:100BB00002F018BF404270474FF00000704750EA03
:100BC000013005D111F0004008BF6FF000407047C0
:100BD0004FF00000704700BF4A0011D212F500121A
:100BE00011D20DD56FF47873B3EB62520ED44FEA85
:100BF000C12343F0004343EA505323FA02F0704705
:100C00004FF00000704750EA013002D14FF0FF3042
:100C100070474FF0000070474FEA4102B2F1E043E5
:100C200024BFB3F5001CDCF1FE5C0DD901F0004CD3
:100C30004FEAC0024CEA5070B2F1004F40EB830023
:100C400008BF20F00100704711F0804F21D113F14F
:100C50003872BCBF01F00040704741F480114FEA88
:100C60005252C2F11802C2F1200C10FA0CF320FA11
:100C700002F018BF40F001004FEAC1234FEAD3232E
:100C800003FA0CFC40EA0C0023FA02F34FEA430398
:100C9000CCE77FEA625307D150EA01331EBF4FF021
:100CA000FE4040F44000704701F0004040F0FE403C
:100CB00040F40000704700BF38B50022002304460E
:100CC0000D46FFF723FF28B920462946BDE83840E6
:100CD00000F00AB8204605F1004100F005F8404256
:100CE00061EB410138BD00BFD0B50C4B0022064678
:100CF0000F46FFF799FCFFF76FFF0446FFF71AFC5A
:100D0000074B0022FFF790FC02460B46304639465F
:100D1000FFF7D2FAFFF760FF2146D0BD0000F03D9B
:100D20000000F04100B5B3B00A460146684604F041
:100D30004FFE002806DD6846FFF7B2FA81B268462A
:100D400003F062FC33B000BD0FB407B504A951F83D
:100D5000040B0191FFF7E6FF03B05DF804EB04B06C
:100D60007047000030B599B04822002106A814252C
:100D700004F038FE2A46002101A804F033FE0020CA
:100D800001F088F8044608B172B6FEE701F06AF88F
:100D9000174AD2F8903023F01803C2F8903060233D
:100DA00001220F930223CDE90D24CDE911320892DF
:100DB000139206A83C22CDE91423CDE916330695FB
:100DC00001F050F908B172B6FEE7CDE903000F2239
:100DD00003230590052101A8CDE9012301F028FC9A
:100DE00008B172B6FEE702F065F819B030BD00BF79
:100DF000001002402DE9F0412DED088B8CB000F081
:100E0000D7F9FFF7AFFF664B664EDA6CDFF8E88183
:100E1000654F9FED66BA42F00402DA64DA6C02F0C4
:100E200004020A920A9ADA6C42F00102DA64DB6C7C
:100E300003F001030B930B9B03F09AFB5C4B3360B5
:100E400000F0D2F9D8F800305A339842F8D900F0BF
:100E5000CBF997ED008A9FED570AC8F8000038EEED
:100E60000B8ADFED558A87ED008A28EE000A08F02C
:100E70009DF9DFED527ADFED529AF0EE68AAE0EECE
:100E800027AA28EE0B0A08F091F9F2EE047AE0EEB8
:100E900027AA4C4B9FED4C0AC3ED00AACAEEA8BA94
:100EA00028EE000A08F082F9B3EE0BAAF7EE087AF2
:100EB000A0EE27AA454B9FED460A83ED00AA28EE37
:100EC000000A08F073F9DFED437A434B20EE279ACE
:100ED000B2EE017AABEE879A28EE270A83ED009AEC
:100EE00008F064F9F0EE007AE0EE279A9FED3B0AF5
:100EF00028EE000A08F05AF9DFED397A394BE0EEB6
:100F0000279AF2EE088A9FED380AC3ED009A7AEE2E
:100F1000288AF1EE047A28EE000AEBEEA78A08F0A0
:100F200045F9F3EE047AE0EE277A304B96ED008A2D
:100F300078EEA78ADFED2E7A78EEC88A19EE900A4D
:100F4000A8EEA78A69EE298A86ED008AC3ED008A99
:100F5000FFF712FB04461AEE900A0D46FFF70CFB52
:100F6000CDE908011AEE100AFFF706FBCDE90601EC
:100F700018EE100AFFF700FBCDE9040118EE900A05
:100F8000FFF7FAFACDE9020119EE100AFFF7F4FAB9
:100F90002246CDE900012B461648FFF7D5FE4FE764
:100FA00000100240F8020020EC020020CDCCCC3D25
:100FB000000030420AD7A33C00805444000048425D
:100FC00000C02844F00200200AD7A33BF40200200E
:100FD0003333333F8FC2F53C00030020CDCC4C3F70
:100FE0009A99993E04030020CDCCCC3CFC02002011
:100FF0008FC2753C489E00080803002072B6FEE7C9
:101000000A4B1A6E42F0010282B01A661A6E02F0A2
:1010100001020092009A9A6D42F080529A659B6D8F
:1010200003F080530193019B02B07047001002400F
:10103000FEE7FEE7FEE7FEE7FEE770477047704712
:1010400000F0C6B8014800F0CDBB00BF141A002064
:101050000120704708B504F017FD162303604FF018
:10106000FF3008BD08B504F00FFD16230360FEE74E
:1010700070B50D4614460E46731B9C4201DC20469B
:1010800070BDAFF3008006F8010BF5E770B50D46B3
:1010900014460E46731B9C4201DC204670BD16F8B8
:1010A000010BAFF30080F5E74FF0FF3070474FF4CE
:1010B00000534B60002070470120704700207047AC
:1010C0000A4A0346106810B508B909481060094972
:1010D000094C0344091B8B4206D904F0D5FC0C23B0
:1010E00003604FF0FF3010BD1360FCE70C030020DD
:1010F000482000200000052000040000034AD2F828
:10110000883043F47003C2F88830704700ED00E087
:10111000DFF834D0FFF7F2FF0C480D490D4A0023E9
:1011200002E0D458C4500433C4188C42F9D30A4A9C
:101130000A4C002301E013600432A242FBD304F006
:10114000A9FCFFF757FEFEE7000005200000002085
:10115000D0020020F4A60008D00200204420002085
:10116000FEE7000038B50F4B1A7805460AB9012092
:1011700038BD4FF47A73B3FBF2F30B4A1068B0FB3F
:10118000F3F000F09DF804460028F0D10F2DEED8C2
:10119000024629464FF0FF3000F052F8034B20463C
:1011A0001D60E5E70400002000000020080000208A
:1011B00010B5032000F032F80F20FFF7D3FF0446EC
:1011C00018B9FFF71DFF204610BD0124FBE7000002
:1011D000034A044B11681B780B441360704700BF2F
:1011E0001003002004000020014B1868704700BF66
:1011F0001003002038B50446FFF7F6FF631C1CBF40
:10120000054B1B78054618BFE418FFF7EDFF431B9D
:10121000A342FAD338BD00BF040000200749CA68C2
:1012200022F4E0620302120403F4E063120C13439D
:1012300043F0BF6343F40033CB60704700ED00E040
:10124000164B30B5DC68C4F30224C4F10703251D36
:10125000042B28BF0423062D4FF0FF358CBF033C21
:10126000002405FA03F321EA0303A54022EA05025C
:10127000A340002843EA0203ACBF00F16040084AE3
:101280004FEA0313B8BF00F00F00DBB2AABF00F5AE
:101290006140135480F8003330BD00BF00ED00E022
:1012A00014ED00E0002807DB044A4109012300F0A7
:1012B0001F00834042F82130704700BF00E100E08A
:1012C0000138B0F1807F0BD24FF0E023054A58611E
:1012D000F02182F823100020072298611A617047DC
:1012E0000120704700ED00E02DE9F74FDFF8A091F5
:1012F000654C00230A6832FA03F502D103B0BDE859
:10130000F08F012505FA03F818EA020200F0AC801C
:101310004E68032706F003054FEA430E07FA0EFC5A
:101320006F1E012F6FEA0C0C34D8876807EA0C0A8D
:10133000CF6807FA0EF747EA0A078760476827EA87
:101340000808C6F300179F4047EA08074760C768C8
:1013500007EA0C088F6807FA0EF747EA0807022D1C
:10136000C76019D14FEAD30800EB880803F0070AD9
:10137000D8F820704FEA8A0A4FF00F0B0BFA0AFBDD
:1013800027EA0B0B0F6907FA0AF747EA0B07C8F8B9
:10139000207001E0032DDAD1076805FA0EF507EA9F
:1013A0000C073D4316F4403F05605DD0D9F860500E
:1013B00045F00105C9F86050D9F8605023F00307E3
:1013C00007F1804705F0010507F58037019503F027
:1013D000030C019DBD684FEA8C0C4FF00F0E0EFA06
:1013E0000CFEB0F1904F25EA0E0E3FD0274DA842DB
:1013F0003ED005F58065A8423CD005F58065A84241
:101400003AD005F58065A84238D005F58065A84238
:1014100036D005F58065A84234D005F58065A84230
:1014200014BF0825072505FA0CF545EA0E05BD6031
:10143000A568D74316F4801F0CBF3D401543A56037
:10144000E56816F4001F0CBF3D401543E560656874
:1014500016F4003F0CBF3D40154365602568F60358
:1014600054BF3D4015432560013343E70025DAE7CB
:101470000125D8E70225D6E70325D4E70425D2E7DE
:101480000525D0E70625CEE700040140000400480A
:1014900000100240F7B50446F0B190F8953403F01F
:1014A000FF021BB980F8942403F03AF9032384F86F
:1014B00095340023A371206801F0B8FD237C8DF8DA
:1014C0000030251D95E80E00206801F0FBFC014668
:1014D00030B1022384F895340125284603B0F0BDCD
:1014E000206801F0A9FD0028F3D1267904F1140346
:1014F00001270246C1B28E4203F1240321D8002104
:1015000004F515730A46C8B2864203F1240326D8AF
:10151000237C8DF8003095E80E00206801F008FE6D
:1015200005460028D5D10123607484F89534237BC7
:10153000012B02D1204600F082FC206802F021F944
:10154000CBE723F80A0C43E9072203F8237C03F8CE
:10155000241C03F8202C43F8142C0130CAE743E97B
:10156000072203F8232C03F8240C03F8202C43F85B
:10157000142C0131C7E710B50446006894F8943480
:10158000012B12D0012384F89434637B012B02BF1A
:10159000836B43F48033836301F042FD206802F0E3
:1015A000E2F8002084F8940410BD0220FCE710B596
:1015B00090F89424012A04460AD0012280F8942449
:1015C0004174006802F0BFF8002084F8940410BD54
:1015D0000220FCE770B50546242401F00F0011F04D
:1015E000800F00FB04F414BF04F1140104F515711D
:1015F00005EB040615BF491949190124002414BF3D
:10160000747586F85542C2F30A028A604A780870F7
:101610000B7102B14883022B04BF00234B7195F874
:101620009434012B09D00123286885F8943401F003
:101630002FFE002085F8940470BD0220FCE701F025
:101640000F02242311F0800F02FB03F310B514BF27
:1016500003F1140103F51571044618BF0919184464
:101660000BBF091901230023437508BF80F85532C9
:101670000A7094F89434012B09D00123206884F86F
:10168000943401F045FE002084F8940410BD02203B
:10169000FCE770B501F00F0124244C430519002626
:1016A00085F8541285F8556204F515710144C5E9B1
:1016B0009823C5F86862006801F05EFF304670BD8F
:1016C00001F00F01242303FB0100D0F868027047EA
:1016D00070B501F00F0124244C430519C5E9082316
:1016E0000123297500266B7504F114010144AE62D3
:1016F000006801F041FF304670BD38B5037901F054
:101700000F05AB4204462AD311F0800F4FF024039B
:101710001CD06B4303F114010344012201445A75A8
:1017200001238B700D7094F894249A4219D020688C
:1017300084F8943401F0BDFE25B9206804F29C4180
:1017400002F06EF8002084F8940438BD4B4303F592
:10175000157103440022014483F85522E0E701207B
:10176000F3E70220F1E738B5037901F00F02934265
:10177000044625D3242311F0800F02FB03F314BF8A
:1017800003F1140103F51571184415BF091909195E
:10179000012300234FF0000514BF437580F8553234
:1017A0008D700A7094F89434012B0BD001232068BB
:1017B00084F8943401F0A8FE84F89454284638BD87
:1017C0000120FCE70220FAE701F00F032422534333
:1017D0000A064CBF03F1140103F5157101440068BA
:1017E00001F0ECBD2DE9F04F066887B004463046A5
:1017F00002F003F80190002840F06D81206801F0AC
:10180000CEFF002800F06781D6F808382068C3F3BF
:101810000D23C4F8D43401F0C2FF2368820742BF0D
:101820005A6902F002025A61184601F0B8FFC30675
:1018300006F500652DD52268936923F010039361A6
:10184000D6F8208008F4F013B3F5802F08F00F07C6
:1018500040F0448147F6F07318EA030F14D02423B4
:1018600003FB0747C8F30A19D7F860124A46304607
:1018700001F048FFD7F860324B44C7F86032D7F820
:1018800068324B44C7F868322268936943F010030A
:101890009361206801F083FF070300F13281206823
:1018A00001F07DFF40030CD5206801F084FF27463E
:1018B000029006F5106B4FF0000A029B002B40F0DF
:1018C0009D81206801F06BFF002813DA6B6823F01C
:1018D00001036B6094F8CC34012B40F0248200218A
:1018E00084F8CC14204603F095F82268536903F07D
:1018F00000435361206801F052FF03050AD5AB682D
:10190000DF0702D5204602F0A7FF2268536903F4DF
:1019100000635361206801F042FF000114D5236881
:101920005A6902F000625A6194F8CC24002A40F00F
:10193000FE81012184F8CC145B6DC3F38303C4F8EA
:10194000D034204603F066F8206801F028FFC10477
:1019500032D56B68206823F001036B60102101F021
:101960009BFB207906F510634FF67F31019A904278
:1019700000F2E181EB6943F00113EB61E37B002BA3
:1019800000F0F181D5F8843043F00B03C5F88430C2
:101990006B6C43F00B036B64D6F80038206823F4BB
:1019A000FE63C6F8003804F29C4101F039FF22685A
:1019B000536903F480535361206801F0F0FE820400
:1019C00016D5206801F01DFF206801F057FCE0717A
:1019D000276800F029FFE2790146384601F0B0FAA5
:1019E000204602F026FF2268536903F40053536136
:1019F000206801F0D4FE030707D5204602F015FF4A
:101A00002268536903F008035361206801F0C7FEA0
:101A1000070600F1B381206801F0C1FEC0020CD5B9
:101A2000A04606F5126901272379BB4200F2C58161
:101A30002268536903F480135361206801F0AFFEFC
:101A400081022BD594F804E0234606F532614FF06D
:101A5000010CE6451DD993F87C720868012F40F00F
:101A6000C281002880F2BF81D4F8D42482EA1040D9
:101A7000C20700F1B88183F87B72B06940F0800042
:101A8000B0617069000600F1AE816B6843F40073C9
:101A90006B602268536903F400135361206801F0FE
:101AA0007EFE410007D5204602F010FF22685369F0
:101AB00003F080435361206801F071FE42070AD5AC
:101AC00023685D686B0702D5204602F003FF226899
:101AD00053682B43536007B0BDE8F08FB3F5402F38
:101AE0007FF4D2AE082204F29C41304601F00AFE97
:101AF000242303FB0747C8F30A18D7F86832434486
:101B0000C0E6206801F04FFE06F530678146A34627
:101B10004FF0000AB9F1000F3FF4C1AE19F0010F08
:101B20005AD05FFA8AF320680293194601F04BFEFF
:101B300010F0010F804610D00123BB602368AC4930
:101B4000186C03F5306303EB4A1388429A684FD14F
:101B5000110449D54FF400429A6018F0080F13D0D1
:101B60000823BB602368A349186C03F5306303EBBB
:101B70004A1388429A6804D9100444BF4FF40042C3
:101B80009A60204602F03AFE18F0100F1CBF102396
:101B9000BB6018F0020F14D07369190642BF6B685E
:101BA00043F480636B609BF85732012B07D100230D
:101BB0008BF857325FFA8AF1204602F07FFE02234B
:101BC000BB6018F0200F1CBF2023BB6018F4005F1F
:101BD0001CBF4FF40053BB600AF1010A4FEA5909D8
:101BE00020370BF1240B95E7920644BF20229A6020
:101BF0005FFA8AF1204602F007FEAEE7029BDA07A1
:101C000040F188805FFA8AF320680593194601F055
:101C1000E3FD10F0010F80460FD06B6B01210AF03D
:101C20000F0201FA02F223EA02036B632046CBF8AB
:101C300008105FFA8AF102F0F0FD18F0080F1CBFDF
:101C40000823CBF8083018F0100F1CBF1023CBF876
:101C5000083018F0400F1CBF4023CBF8083018F0B4
:101C6000020F10D05146304601F016FAFB7D012BD1
:101C700006D10023FB755FFA8AF1204602F022FEAE
:101C80000223CBF8083018F0800F43D0D7E909328F
:101C90009A423FD8A3EB0208FB692168039198455B
:101CA00028BF984601F5106308F1030803EB4A13B7
:101CB0004FEA98080493049B996989B24145D7E992
:101CC000093225D393420BD8039B0AF00F00D3F8B7
:101CD00034280121814022EA0102C3F8342819E0A6
:101CE000A3EB0209FB69059A396A0398994528BF55
:101CF00099461FFA89F301F030FC3B6A4B443B6282
:101D0000BB6A09F103084B444FEA9808BB62D2E76B
:101D10009342D9D9029B5B080AF1010A0293243746
:101D20000BF1200BC9E5204602F0AEFDDDE52046B3
:101D300002F092FD08E699601A6822F400121A6017
:101D4000C3F80812D3F8002222F40012C3F80022CC
:101D5000D3F8002242F00062C3F80022019A013257
:101D60000192203302E66B6943F4005343F02B03E6
:101D70006B612B6943F00B032B610DE6B36923F014
:101D80008003B361207906F53263012204F25727FC
:101D90004FF0240C90427FF63EAE0CFB02F1795CD2
:101DA000012907D1196841F000611960196841F0F3
:101DB0008041196001322033ECE798F83C30D9F8C3
:101DC0000020012B09D1002A07DA67F07F0188F88B
:101DD0003B30C9B22046FFF7F7FC013708F1240871
:101DE00009F1200920E60CF1010C2433203130E602
:101DF0000A31544F0A30544F006870B5436A1204D8
:101E000019B913438362002070BD846A4E1E03EB30
:101E100014430024A64205D83F3100EB8100134350
:101E20004360F0E704F1400500EB850501346D687F
:101E300003EB1543EEE70368002059627047034641
:101E400001210268C0F8D814002083F8CC049369FB
:101E500043F000639361536D43F0805343F00303F9
:101E600053657047024A136843F4807313607047E8
:101E700000700040064B186800F4C060B0F5806F39
:101E80001EBFD3F88000C0F300204002704700BF9F
:101E900000700040284B1A6818BB02F4C062B2F50B
:101EA000806FD3F8802022F48072C3F8802040D164
:101EB0001A6822F4C06242F400721A601F4A126863
:101EC00032214A431E49B2FBF1F2013259694905F8
:101ED00000D522B95B6958052BD503207047013A1C
:101EE000F4E7B0F5007F1FD102F4C062B2F5806F55
:101EF000D3F8802042F48072C3F8802019D11A6888
:101F000022F4C06242F400721A600C4A1268322154
:101F10004A430B49B2FBF1F2013259694905D9D55F
:101F2000002AD7D0013AF8E722F4C06242F4806276
:101F30001A600020704700BF0070004000000020C1
:101F400040420F00024A536843F480635360704775
:101F50000070004037B51C4DAB6DDA00044618D553
:101F6000FFF788FFB0F5007F23D1802C28D9A02C63
:101F70008CBF0224012415490A6822F00F02224373
:101F80000A60086800F00F00001B18BF012003B0B2
:101F900030BDAB6D43F08053AB65AB6D03F0805348
:101FA0000193019BFFF766FFAB6D23F08053AB6598
:101FB000D8E77F2C06D8A4F170035C425C41DAE7D5
:101FC0000024D8E70224D6E7001002400020024097
:101FD000204B9A68D96812F00C0205D00C2A2CD13B
:101FE00001F0030101292FD119681B48090755BFCA
:101FF000D3F894101968C1F30321C1F3031150F809
:10200000210032B3DA6802F00302022A1ED013491B
:10201000032A08BF0846D968DA68C2F30622424399
:10202000D868C0F34160C1F30311013001314000B1
:10203000B2FBF1F2B2FBF0F07047042A08D0082A94
:10204000064818BF002070470020DBE70448E2E79D
:10205000034870470010024080A0000800127A0078
:102060000024F4002DE9F743054618B9012003B018
:10207000BDE8F083944C0368A668E768DB0606F0C9
:102080000C0607F003073DD51EB10C2E6AD1012FB7
:1020900068D12368980702D5EB69002BE6D0236846
:1020A000686A190756BFD4F8943023681B0903F0F7
:1020B000F00398423FD9FFF74DFF0028D6D123689F
:1020C00043F00803236023686A6A23F0F003134394
:1020D000236063682A6A23F47F4343EA0223636030
:1020E000FFF776FFA368794AC3F30313D35C03F0C9
:1020F0001F03D840764B1860764B1868FFF732F80C
:102100000028B4D12B68D80763D42B68990700F155
:10211000A2802B681F0700F1DF802B68580700F1B1
:102120002F812B689F0600F1AB81EB6A002B40F0FA
:10213000D18100209BE7236843F0080323602368D4
:1021400023F0F0030343236063682A6A23F47F4388
:1021500043EA02236360002EC2D1FFF7FBFE002892
:10216000BED083E7EB691BB3236843F00103236010
:10217000FFF73AF8804623689A0711D5236843F0A1
:102180000803236023686A6A23F0F0031343236083
:1021900063682A6A23F47F4343EA02236360B1E75A
:1021A000FFF722F8A0EB08000228E4D903205EE73D
:1021B000236823F001032360FFF716F880462368A5
:1021C0009B079FD5FFF710F8A0EB08000228F6D96F
:1021D000ECE7082E03D00C2E08D1032F06D123687C
:1021E0009A0392D56B68002B8FD13FE76B68B3F5EC
:1021F000803F10D1236843F480332360FEF7F4FF5F
:10220000804623689B0380D4FEF7EEFFA0EB080016
:102210006428F6D9CAE7B3F5A02F04D1236843F4A4
:1022200080232360E6E7226822F48032226022685D
:1022300022F480222260002BE0D1FEF7D5FF8046F9
:10224000236898037FF561AFFEF7CEFFA0EB08008F
:102250006428F5D9AAE7042E03D00C2E10D1022F42
:102260000ED12368590503D5EB68002B3FF4FEAE71
:1022700063682A6923F0FE4343EA0263636048E728
:10228000EB687BB1236843F480732360FEF7ACFFF7
:10229000074623685A05EBD4FEF7A6FFC01B0228A9
:1022A000F7D983E7236823F480732360FEF79CFF4C
:1022B000074623685B057FF52CAFFEF795FFC01B33
:1022C0000228F6D972E700BF00100240B0A0000853
:1022D00000000020080000206B69002B3CD0D4F8DF
:1022E0009430A96903F0100291420ED003F003026A
:1022F000022A3FF4BBAED9071BD4D4F89430AA69A4
:1023000023F010031343C4F89430D4F8943043F00E
:102310000103C4F89430FEF767FF0746D4F8943001
:102320009B073FF5FAAEFEF75FFFC01B1128F5D9FA
:102330003CE7D4F8943023F00103C4F89430FEF75E
:1023400053FF0746D4F894309A07D6D5FEF74CFFD2
:10235000C01B1128F6D929E7D4F8943023F00103E3
:10236000C4F89430FEF740FF0746D4F8943098073D
:102370007FF5D3AEFEF738FFC01B1128F5D915E75E
:10238000A36DD90030D4A36D43F08053A365A36D32
:1023900003F080530193019B0127DFF89082D8F866
:1023A0000030DA0522D5AA68D30733D4D4F89030A8
:1023B00023F00103C4F89030D4F8903023F00403E4
:1023C000C4F89030002A3CD1FEF70EFF41F2883964
:1023D0008046D4F890309B074BD4D4F8903023F04B
:1023E0008003C4F8903035E00027D6E7D8F80030F5
:1023F00043F48073C8F80030FEF7F6FE8146D8F843
:102400000030D805CFD4FEF7EFFEA0EB090002287C
:10241000F5D9CBE6D4F8903002F0800123F08003A8
:102420000B43C4F89030D4F89030510742BF43F0CA
:102430000403C4F89030D4F8903043F00103C4F89A
:102440009030FEF7D1FE41F288398046D4F89030C2
:102450009A0707D5002F3FF464AEA36D23F0805395
:10246000A3655EE6FEF7C0FEA0EB08004845EDD987
:102470009CE6FEF7B9FEA0EB08004845A9D995E611
:10248000AB6A9BB1D4F8983043F00103C4F898309C
:10249000FEF7AAFE0746D4F8983098073FF545AEF8
:1024A000FEF7A2FEC01B0228F5D97FE6D4F89830CB
:1024B00023F00103C4F89830FEF796FE0746D4F8DF
:1024C000983099077FF531AEFEF78EFEC01B0228CB
:1024D000F5D96BE6022B40F08C80E3682A6B03F0A1
:1024E0000301914222D1696B03F0F0020139B2EB92
:1024F000011F1BD1A96B03F4FE42B2EB012F15D1D2
:10250000E96B03F07842B2EBC16F0FD12A6C52082D
:1025100003F4C001013AB1EB425F07D16A6C520883
:1025200003F0C063013AB3EB426F49D00C2E3FF485
:102530009DAD23685A013FF599AD2368DB003FF557
:1025400095AD236823F080732360FEF74DFE0646A9
:1025500023689F012ED4E268324B13402A6B134349
:10256000AA6B43EA0223EA6B43EAC2636A6B013A4D
:1025700043EA02132A6C5208013A43EA42536A6C56
:102580005208013A43EA4263E360236843F08073F0
:102590002360E36843F08073E360FEF725FE0546A1
:1025A000236898013FF5C5ADFEF71EFE401B0228CB
:1025B000F6D9FBE5FEF718FE801B0228C8D9F5E521
:1025C000236899013FF5B5AD236843F0807323601C
:1025D000E36843F08073E360FEF706FE0546236878
:1025E0009A013FF5A6ADFEF7FFFD401B0228F6D984
:1025F000DCE50C2E3FF43AAD236823F080732360B2
:10260000FEF7F2FD054623689B0104D4E268064B01
:102610001340E3608DE5FEF7E7FD401B0228F2D989
:10262000C4E500BF0C809D01FCFFEEFE0070004081
:102630002DE9F8430E46054610B90120BDE8F883A0
:10264000704A136803F00F038B4243D329688F0746
:102650004BD4CC0776D56F686B4C032F236840F0C2
:10266000A5809801E9D5E36803F00303022B49D064
:10267000032B49D0012B49D12368644A190755BF60
:10268000D4F894302368C3F30323C3F3031352F83D
:102690002320E168E368C3F306235343E268C2F3EF
:1026A0004162C1F30311013252000131B3FBF1F376
:1026B000B3FBF2F3564A93422AD9A36813F0F00F02
:1026C00026D1A36823F0F00343F08003A3604FF00A
:1026D00080081FE0136823F00F030B431360136897
:1026E00003F00F038B42A8D1B0E7474AA86893686C
:1026F00003F0F003984281BF936823F0F003034393
:102700009360A6E7434AC4E7434AC2E70022C0E712
:102710004FF00008A36823F003033B43A360FEF7D8
:1027200063FD41F288390746A3686A6803F00C0329
:10273000B3EB820F4CD1B8F1000F03D0A36823F0A4
:10274000F003A36029688A070BD52F4AA86893680D
:1027500003F0F00398423FBF936823F0F003034374
:102760009360284A136803F00F03B34237D811F07F
:10277000040F254C3FD10B0706D5A3682A6923F423
:10278000605343EAC203A360FFF722FCA368234A15
:10279000C3F30313D35C03F01F03D840204B18602E
:1027A000204B1868BDE8F843FEF7DCBC022F08D1C7
:1027B00013F4003F3FF441AFFFF70AFC144B98427B
:1027C0007AE717B913F0020FF4E713F4806FF1E71B
:1027D000FEF70AFDC01B4845A6D903202EE7136863
:1027E00023F00F0333431360136803F00F03B34266
:1027F0007FF423AFBBE7A368EA6823F4E0631343E5
:10280000A360B8E7002002400010024080A000084A
:1028100000B4C4040024F40000127A00B0A0000840
:102820000000002008000020014B1868704700BF1E
:1028300000000020F8B53B4CE3689B0705460E46B8
:10284000006822D0E36803F00303834230D17BB3F6
:10285000236823F080632360FEF7C6FC07462368E5
:102860001A012ED46A68A868013A000212017EB3E8
:10287000012E266945D12B695B08591E2A4B33402E
:102880000343134343EA41532AE002280CD00328B0
:1028900010D001280CD123689F0718D5E36823F0D6
:1028A00003030343E360D3E7236813F4806FF5D198
:1028B00001200CE023689903F0D4236813F4802FDF
:1028C000F5E7FEF791FCC01B0228C8D90320F8BD2C
:1028D0002669EB68154940EAC36331400B43134353
:1028E0002361236843F080632360FEF77DFC064686
:1028F00023681B010FD52369AA69134323610020B4
:10290000E5E76B695B08591E094B334003431343EA
:1029100043EA4163E4E7FEF767FC801B0228E7D93E
:10292000D4E700BF001002400F809FFF0F80FF0719
:102930000F80FFF9F8B5354CE3689B0705460E4656
:10294000006821D0E36803F0030383422FD173B3FF
:10295000236823F080532360FEF746FC0746236874
:102960009A002DD46868AB6801381B02000176B369
:102970006A6966695208511E254A32401A43024369
:1029800042EA416262612BE002280CD0032810D099
:1029900001280CD123689F0718D5E36823F00303AF
:1029A0000343E360D4E7236813F4806FF5D101207B
:1029B0000CE023689903F0D4236813F4802FF5E723
:1029C000FEF712FCC01B0228C9D90320F8BDEA6833
:1029D000616943EAC2630F4A0A40134303436361D8
:1029E000236843F080532360FEF7FEFB064623680E
:1029F0009B0005D56369AA69134363610020E5E77D
:102A0000FEF7F2FB801B0228F1D9DEE7001002403E
:102A10000F80FFF90F80FF0703681A052DE9F347C0
:102A2000044627D5C16E402926D016D851B3202997
:102A30002FD001262368DB040DD5216FB1F5007F6F
:102A400000F0AA812CD8002900F0AC81B1F5807F7C
:102A500000F0AD810126354635E0602901D080299E
:102A6000E7D10E4AE16ED2F89C3023F0E0030B432D
:102A7000C2F89C300026DDE7084AD36843F480336F
:102A8000D360EEE70430FFF7D5FE06460028D1D12B
:102A9000E7E700212030FFF74DFFF6E70010024086
:102AA000B1F5407F02D0B1F5806FD3D13546002D0E
:102AB00040F08381B24A216FD2F89C3023F4E06366
:102AC0000B43C2F89C3023689F0338D5AC4FBB6DD5
:102AD000D80000F17481BB6D43F08053BB65BB6DC2
:102AE00003F080530193019B4FF00108DFF89492AB
:102AF000D9F8003043F48073C9F80030FEF774FB56
:102B00008246D9F80030D90540F15C81002D40F0B3
:102B10008E81D7F8903013F4407340F05D81D7F880
:102B20009030D4F8942023F440731343C7F89030C6
:102B3000B8F1000F03D0BB6D23F08053BB65236851
:102B4000D80708D58E49E06BD1F8882022F003021F
:102B50000243C1F88820990708D58949206CD1F82B
:102B6000882022F00C020243C1F888205A0708D5B9
:102B70008349606CD1F8882022F030020243C1F80A
:102B800088201F0708D57E49A06CD1F8882022F044
:102B9000C0020243C1F88820D80608D57849E06C05
:102BA000D1F8882022F440720243C1F888209906A7
:102BB00008D57349206DD1F8882022F44062024381
:102BC000C1F888209A0508D56D49606ED1F8882033
:102BD00022F440220243C1F888205F0508D56849E5
:102BE000A06ED1F8882022F440120243C1F8882058
:102BF000580608D56249606DD1F8882022F4405209
:102C00000243C1F88820190608D55D49A06DD1F8A6
:102C1000882022F440420243C1F88820DA0508D512
:102C20005749E06DD1F8882022F440320243C1F8C0
:102C30008820DF0208D55249206ED1F89C2022F06E
:102C400003020243C1F89C20980410D54C4A616FDE
:102C5000D2F8883023F040630B43B1F1006FC2F823
:102C6000883040F0E680D36843F48013D360236853
:102C700019030FD5A16F424BB1F5804FD3F89C20BB
:102C800040F0E38042F48042C3F89C20DA6842F4CA
:102C90008032DA6023685A0310D5394AE16FD2F8DE
:102CA000883023F040630B43B1F1006FC2F88830E5
:102CB00040F0DD80D36843F48013D36023685B0465
:102CC00013D52F49D4F88020D1F8883023F0405311
:102CD0001343B2F1805FC1F8883006D10221201D74
:102CE000FFF7A8FD051E18BF2E462268D70309D599
:102CF0002349D4F88400D1F89C3023F00403034323
:102D0000C1F89C30900209D51D49D4F88800D1F84B
:102D10009C3023F018030343C1F89C3051021CD5AA
:102D2000174F3B6823F080533B60FEF75DFA804607
:102D30003B689A0000F1A78085B9D7F89C30D4F899
:102D40008C2023F440331343C7F89C30022104F154
:102D50002000FFF7EFFD054600B935462368DB018B
:102D600016D5074AD4F89010D2F89C3023F44013BB
:102D70000B43B1F5001FC2F89C3009D104E000BF3D
:102D80000010024000700040D36843F48013D36009
:102D9000284602B0BDE8F087454AD36843F4803343
:102DA000D36083E6201DFFF745FD05467FE6002141
:102DB00004F12000FFF7BEFDF7E72E4683E64FF053
:102DC000000893E6FEF710FAA0EB0A0002287FF64F
:102DD00098AE03263546ABE6D4F8942093423FF4F0
:102DE0009EAED7F89020D7F8903043F48033C7F8E0
:102DF0009030D7F8903022F4407123F48033D2071A
:102E0000C7F89030C7F890107FF589AEFEF7ECF95F
:102E100041F2883A8146D7F890309B073FF57FAE64
:102E2000FEF7E2F9A0EB09005045F4D9D1E72E46B0
:102E30007EE6B1F1806F7FF41AAF0121201DFFF70C
:102E4000F9FC051E18BF2E4611E722F48042C3F894
:102E50009C20D3F8882022F040620A43B1F1006F31
:102E6000C3F8882018D1DA6842F4801211E7B1F172
:102E7000806F7FF423AF0121201DFFF7DBFC051ECF
:102E800018BF2E461AE7FEF7AFF9A0EB080002289C
:102E90007FF64EAF032561E7B1F1806F7FF4FAAEA4
:102EA0000121201DFFF7C6FC051E18BF2E46F1E6C6
:102EB00000100240024A136843F004031360704795
:102EC0000010024084B013B5044605A880E80E0047
:102ED000E36843F04003E36000230193019B013367
:102EE0000193019BB3F1706F24D82369002BF5DAAD
:102EF0000A230193019BD3B9236943F001032361A2
:102F0000019B01330193019BB3F1706F12D82069CB
:102F100010F00100F4D19DF81D306BB9A36B43F4A0
:102F20008033A36302B0BDE8104004B07047019B3A
:102F3000013BDEE70320EEE7A36B23F48033F0E7E9
:102F4000022A4AD1274B284A0B44934239D9274BAE
:102F5000274A0B44934236D9264AA1F57403A3F5B8
:102F60001053934231D9244AA1F18373A3F5E74367
:102F700093422CD3214B224A0B44934229D9214B13
:102F8000214A0B44934226D3204B214A0B449342BF
:102F900023D3204AA1F1B773A3F5585393421ED30C
:102FA0001D4B1E4A0B4493422CBF06230723C268C5
:102FB00022F47052C260C26842EA8323C3600020D8
:102FC00070470F23F3E70E23F1E70D23EFE70C2300
:102FD000EDE70B23EBE70A23E9E70923E7E70823FB
:102FE000E5E700BF405327FFFF340C00401E1BFFE6
:102FF0003F420F007F4F120020D6130060B6E5FE5F
:103000005FE3160000D3CEFE40771B00C05BB3FE2B
:10301000C091210020753800E05459FEE09C410029
:10302000836843F00103836000207047836823F0C6
:10303000010383600020704738B5C368012923F07D
:10304000C04305460C46C36014D1C36843F0005327
:10305000C36000240A20FEF7CDF86B69D90704F19C
:103060000A0402D4C82CF5D1C824A4F1C8035842DC
:10307000584138BD71B9C36843F08043C3600A202A
:10308000FEF7B8F86B69DA0704F10A04EDD5C82C2D
:10309000F5D1E9E70120ECE782B000230246019375
:1030A000019B01330193019BB3F1706F15D8136934
:1030B000002BF5DA8901002341F020010193116111
:1030C000019B01330193019BB3F1706F05D8106927
:1030D00010F02000F4D102B070470320FBE782B06B
:1030E000002302460193019B01330193019BB3F13D
:1030F000706F13D81369002BF5DA002301931023A6
:103100001361019B01330193019BB3F1706F05D8EB
:10311000106910F01000F4D102B070470320FBE7F3
:10312000D0F800381943C0F800180020704700009C
:1031300084B02DE9F843044609A880E80E00002376
:103140009DF824809DF82E70194603F1400204EB8F
:10315000820201330F2B5160F7D104F50066002F76
:1031600061D1736843F002037360A36B23F400130F
:10317000A363236843F040032360236843F0800384
:10318000236000250321C4F8005E2046FFF7C8FF36
:1031900010212046FFF780FF01462046FFF79FFFE2
:1031A0000843C0B2401B356118BF0120756104F5AA
:1031B0001063F5612A464FF090414FF0006C4FF6D6
:1031C0007F3EA84534D8002204F5306311464FF005
:1031D00090454FF0006C4FF67F3E90453AD83369EA
:1031E00023F4807333610023A3616FF08043636134
:1031F000A36943F01003A361A2691F4B1343A361AA
:103200009DF82A301BB1A36943F00803A361012F85
:1032100001BFA36943F0804343F00403A361BDE809
:10322000F84304B07047A36B43F40013A363A8E70B
:10323000D3F80090B9F1000F0ADA3DB9C3F800C025
:103240001A610135C3F808E02033BAE71960F7E7DF
:103250001A60F5E7D3F80090B9F1000F0ADA3AB92D
:10326000C3F800C019610132C3F808E02033B4E7A5
:103270001D60F7E71960F5E700383C80D0F80838A2
:1032800013F0020F00F5006014BF02200F207047FA
:1032900030B50C78012204F00F05AA404D78012DBD
:1032A00000F5006300EB441019D1DD692A43DA61AF
:1032B000D0F800391A0410D48A68D0F80059C2F343
:1032C0000A030A792B4343EA824343EA845343F0D7
:1032D000805343F40043C0F80039002030BDDC695E
:1032E00044EA0242DA61D0F8003B1B04F5D48B6853
:1032F000D0F8002BC3F30A0313430A7943EA82434D
:1033000043F0805343F40043C0F8003BE5E700007E
:1033100010B50A784978012900EB421300F50060E6
:1033200002F00F0222D1D3F8001900290BDAD3F8EA
:10333000001941F00061C3F80019D3F8001941F0F9
:103340008041C3F80019C46B012101FA02F224EA9A
:103350000204C463C16921EA0202C261D3F8001900
:10336000144A0A40C3F80029002010BDD3F8001BFE
:1033700000290BDAD3F8001B41F00061C3F8001BF1
:10338000D3F8001B41F08041C3F8001BC46B4FF41D
:10339000803101FA02F224EA0204C463C16921EA1D
:1033A0000202C261D3F8001B034A0A40C3F8002B93
:1033B000DAE700BF007833EC0078F3EF37B500228E
:1033C000009285680346487801281ED1097803F5E4
:1033D00010634A0103EB4111D458002C02DB00209A
:1033E00003B030BDD45844F00064D450D45844F0F5
:1033F0008044D450009B01330093009BB3F5702FA1
:10340000EED80B68002BF5DBE9E79A6922F0800221
:103410009A615A6903F5006412065EBF626842F45D
:1034200000726260AD063ED4009A01320092009AAA
:10343000B2F5702F35D85A69D006F5D500201A6A32
:103440000192019A00220092009A01320092009AA1
:10345000B2F5702F29D85A691206F5D50A7803F506
:103460003063510103EB4212CD5845F00065CD5059
:10347000CD5845F08045CD5000230093009B01338B
:103480000093009BB3F5702F11D893689B07F5D577
:10349000936843F002039360636843F4806363605E
:1034A0009EE70120CBE70020CCE70120D6E70120F2
:1034B000EEE74A780B78012A00EB431012D1D0F8DE
:1034C0000029002A06DB2BB1D0F8003923F0804315
:1034D000C0F80039D0F8003943F40013C0F80039BF
:1034E00000207047D0F8002B002A06DB2BB1D0F863
:1034F000003B23F08043C0F8003BD0F8003B43F48E
:103500000013C0F8003BEBE70B784A7800EB431060
:103510000B79012AA3F10203DBB20FD1D0F8002905
:10352000012B22F40012C0F8002905D8D0F8003988
:1035300043F08053C0F8003900207047D0F8002BCA
:1035400022F40012012BC0F8002B9EBFD0F8003BE4
:1035500043F08053C0F8003BEEE7033301329B0891
:1035600000EB023001EB8303994201D10020704748
:1035700051F8042B0260F7E72DE9F0414A7891F801
:1035800000E00B690E79012A8C465B4A5B4900EB2F
:103590004E1567D105F510642769F3B939402161EB
:1035A000216941F40021216121690A402261D5F895
:1035B0000029012E42F00442C5F800293ED04BB14B
:1035C000D0F834280EF00F0E012303FA0EF3134344
:1035D000C0F834380020BDE8F0813A402261226909
:1035E0000A402261DCF80820BEF1000F0DD19A429A
:1035F0003CBFCCF810201346226942F4002222611D
:103600002169C3F312020A43D0E73D4FD4F810807A
:10361000D1180139B1FBF2F18AB207EAC14141EA9E
:103620000801012E2161EBD1216921F0C041216106
:103630002169520702F0C0420A43E0E7D0F80828A7
:10364000DCF80C1012F4807FD5F800290CBF42F092
:10365000005242F08052C5F800299BB27246FFF733
:103660007CFFB7E7D5F8104B2240C5F8102BD5F8F2
:10367000102BDCF808400A4005F530673A61BEF1CE
:10368000000F23D10BB1CCF81040CCF820403B699F
:10369000C4F312041C433C613B6943F400233B61C7
:1036A000012E0CD1D0F8083813F4807FD5F8003BF8
:1036B0000CBF43F0005343F08053C5F8003BD5F8EE
:1036C000003B43F00443C5F8003B83E7002BDED00A
:1036D00023440B4A3969013BB3FBF4F39BB25C43CF
:1036E00002EAC3430B43CCF820403B613B69C4F37F
:1036F00012041C433C61D3E70000F8FFFFFF07E022
:103700000000F81F70B50023940800F5805502F002
:103710000302A34204D301EB840132B9084670BD11
:103720002E6841F823600133F3E700F58050002351
:103730000468D80024FA00F05854013398B2824249
:10374000F7D15018EBE7D0F8003823F4FE63C0F847
:103750000038D0F80038090101F4FE611943C0F8BF
:10376000001800207047D0F8003E23F00303C0F893
:10377000003ED0F8043823F00203C0F804380020DB
:103780007047D0F8003E23F00303C0F8003ED0F8A5
:10379000043843F00203C0F804380020704742693F
:1037A000806910407047D0F8183800F50060C06993
:1037B0001840000C7047D0F8183800F50060C06958
:1037C000184080B2704700EB411100F50060D1F85D
:1037D000082B406910407047D0F81028D0F83438D2
:1037E00000EB411001F00F01CB4000F51060DB0150
:1037F0008068DBB2134318407047406900F0010055
:103800007047D0F800396FF30A03C0F80039D0F8D8
:10381000043843F48073C0F8043800207047000077
:10382000016C0C4A914200F5306303D9D0F8002BAB
:10383000002A0DDB00221A611A6942F400221A6183
:103840001A6942F018021A611A6942F0C0421A61FC
:10385000002070470A30544FD0F8D43200EB830078
:1038600010B5D0F8C0428CB1D0F8C4321BB194F876
:103870000002FF2801D1002010BD9B6894F80122AE
:1038800021469847FF2384F80032F4E70320F3E74A
:103890000A230380004870478800002070B5822109
:1038A00006460F4800F085FB012105460C4800F054
:1038B00080FB812104460A4800F07BFB0DB11022F9
:1038C000AA711CB1402222710022627118B14022FB
:1038D00002710022427143230148338070BD00BF52
:1038E0000C000020FFF7DABF70B5822106460F48B2
:1038F00000F05FFB012105460C4800F05AFB8121D6
:1039000004460A4800F055FB0DB11022AA711CB103
:10391000002222710222627118B100220271022279
:10392000427143230148338070BD00BF0C0000206A
:1039300038B5D0F8D432B033044650F823508DB1A6
:1039400001F063F8D4F8D432C5F80C0204EB830418
:10395000D5F80402D4F8C43205F50371DB68984742
:10396000002038BD0320FCE7F8B5D0F8D46200EBA6
:1039700086060A46D6F8C05235B301F00F0C14275C
:1039800007FB0C077B698BB1D0F8C8424FF0240EBF
:103990000EFB0C44E469B3FBF4FC04FB1C332BB9B1
:1039A0007B611A4601F01BF80020F8BD0023C5F822
:1039B0001432D6F8C4321B69002BF5D0D5F80802B2
:1039C00005F504719847EFE70320EEE7D0F8D4320D
:1039D000F7B500EB83030022D3F8C0628DF8052011
:1039E00004460D46ADF80620002E65D091F800C0C3
:1039F0001CF0600229D0202A5AD1CA884F78F2B12F
:103A00001CF0800F0ED0D3F8C43231469B68384684
:103A10009847EA88072A28BF07223146204600F047
:103A200061FD09E0402A28BF402286F8007286F82E
:103A30000122314600F06CFD002003B0F0BDD3F848
:103A4000C43238469B689847F6E74B780B2B2FD843
:103A500001A252F823F000BF893A0008393A000861
:103A6000B13A0008B13A0008B13A0008B13A00088A
:103A7000B13A0008B13A0008B13A0008B13A00087A
:103A8000993A0008A93A000890F89C32032B0FD10C
:103A900002220DF10601C1E790F89C32032B07D1F9
:103AA00001220DF10501B9E790F89C32032BC3D038
:103AB0002946204600F0EFFC0320BEE738B5044657
:103AC0000025812100F04DFF012184F83750204668
:103AD00000F047FF84F877518221204600F041FF33
:103AE000D4F8D43284F84B5004EB83036564D3F8E4
:103AF000C0228AB1D3F8C4325B689847D4F8D43274
:103B0000B03354F8230000F0BBFFD4F8D432B03304
:103B100044F82350C4F8BC52002038BDF8B5044620
:103B20004FF4077000F0A8FF054630B9D4F8D4323E
:103B3000B03344F82300022046E04FF4077200211E
:103B400001F050FFD4F8D432B03344F82350237C32
:103B5000C4F8BC52CBBB4FF4007381210222204633
:103B600000F0F1FE012184F837104FF400730222B7
:103B7000204600F0E8FE0126102303226364822120
:103B8000082384F87761204600F0DDFED4F8D432B3
:103B900084F84B6004EB83030027D3F8C432C5F8E4
:103BA00004721B689847D5F80422C5F81472C5F84A
:103BB0001872002ABFD0237C93B94FF400733146AA
:103BC000204600F017FF0020F8BD4023812102228B
:103BD000204600F0B8FE012184F837104023C6E7E4
:103BE0004023ECE739B1D0F8D43200EB8300C0F8C1
:103BF000C4120020704703207047D0F8D432B0338D
:103C000050F823302BB1C3F80812C3F8102200205B
:103C1000704703207047D0F8D432B03350F82330C7
:103C20001BB1C3F804120020704703207047D0F87E
:103C3000D432B03310B550F823207AB1D2F8144200
:103C400001236CB9C2F81432D2F810328362D2F870
:103C50000822812100F0C3FE204610BD0320FCE7AE
:103C60001846FAE7D0F8D422B03208B550F822202E
:103C700062B1037CD2F8042233B94FF400730121FE
:103C800000F0B8FE002008BD4023F8E70320FAE763
:103C900078B10023C0F8B832C0F8C432C0F8D032CE
:103CA00009B1C0F8B412012380F89C32027000F010
:103CB00015BE0320704713B500230446ADF8063047
:103CC00081B1CB6AC0F8B81223B10DF10600984754
:103CD000C4F8D002D4F8D8320133C4F8D832002066
:103CE00002B010BD0320FBE700F022BED0F8B832CE
:103CF0000BB11B6818471846704708B5D0F8B832A2
:103D00005B689847002818BF032008BD38B50446F3
:103D100000F2AA25284600F0B3FB012394F8AA126A
:103D2000C4F89432B4F8B032C4F8983201F01F03EA
:103D3000012B08D0022B0CD08BB929462046BDE8B8
:103D4000384000F053B929462046BDE8384000F01D
:103D5000C5BA29462046BDE8384000F0EEBA2046F4
:103D600001F08001BDE8384000F006BE70B50446A1
:103D700039BBD0F89432032B12D1D0F85831B0F8B7
:103D8000602193420ED9D0F864119B1A11449A42D3
:103D9000C0F85831C0F8641138BF1A4600F0C9FBAA
:103DA000002070BD90F89C32032B06D1D0F8B832B9
:103DB0001B6913B1C0F8D4129847204600F0C1FB2C
:103DC000EEE790F89C32032BEAD1D0F8B8329B6929
:103DD000002BE5D00022BDE87040C0F8D42218477F
:103DE00070B504460D4600293FD1D0F89432022B1D
:103DF00010D18269038C9A4214D9416AD21A1944AB
:103E00008261416200F07CFB2B462A46294620460F
:103E100000F0F0FD94F8A03213B1002384F8A03232
:103E2000002070BD0CD143699A4209D8D0F898227D
:103E3000934205D20A4600F063FBC4F89852E3E7C8
:103E400094F89C32032B08D1D4F8B832DB6823B144
:103E50000022C4F8D422204698478021204600F052
:103E60008BFD204600F078FBD4E790F89C32032BC2
:103E7000D6D1D0F8B8325B69002BD1D00022BDE892
:103E80007040C0F8D4221847F8B5012380F89C325E
:103E9000D0F8B83200210446C0F894124160C0F84E
:103EA000A41280F8A012BBB90026002240251146BA
:103EB00001274023204600F046FD84F86371A4F8F2
:103EC00060512B4600228021204600F03CFD84F802
:103ED000237025843046F8BD5B68002BE4D09847FA
:103EE0000028E1D00326E0E701740020704790F835
:103EF0009C32042B1EBF90F89C32DBB280F89D32BE
:103F0000042380F89C320020704790F89C32042BE8
:103F100002BF90F89D32DBB280F89C3200207047DF
:103F200008B590F89C22032A05D1D0F8B83213B115
:103F3000DB6903B19847002008BDD0F8D422AE3227
:103F400008B550F822204AB190F89C32032B01D1D9
:103F5000136A0BB9002008BD9847FBE70320FAE776
:103F6000D0F8D422AE3208B550F822204AB190F8E9
:103F70009C32032B01D1536A0BB9002008BD98472E
:103F8000FBE70320FAE700207047012208B580F81C
:103F90009C22D0F8B8220AB9002008BD52680179E5
:103FA00090470028F8D00320F7E700207047002052
:103FB000704710B5428803789A420AD904782044A1
:103FC00023444478052C9BB2F6D184788C42F3D1FB
:103FD00010BD0020FCE710B58021044600F0CCFCA9
:103FE00020460021BDE8104000F0C6BC73B50B7838
:103FF00003F06003202B04460D4609D0402B07D068
:1040000093B12046FFF7E7FF0025284602B070BDB8
:10401000D4F8D432AE33294654F823309B68204676
:1040200002B0BDE8704018474B78092BE9D801A2CF
:1040300052F823F07D420008C14200080340000806
:10404000A542000803400008774100085D400008D1
:104050000340000851420008B94100080023ADF8B0
:1040600006304B881A0A013A0E2ACAD801A151F823
:1040700022F000BFBB400008ED40000807410008E7
:104080000340000803400008494100085F41000860
:1040900003400008034000080340000803400008F4
:1040A000034000080340000803400008B140000836
:1040B000D0F8B432DB691BB9A3E7D0F8B4321B687F
:1040C000207C0DF106019847EA88002A00F0A380C1
:1040D000BDF80630002B94D09A4228BF1A46ADF89E
:1040E00006200146204600F0FDF98DE7027CD0F85D
:1040F000B83232B99B6A0DF106009847022343702B
:10410000E2E7DB6AF7E7DBB2052B3FF67AAFDFE8E1
:1041100003F003070B0F1317D0F8B4325B68CAE73C
:10412000D0F8B4329B68C6E7D0F8B432DB68C2E797
:10413000D0F8B4321B69BEE7D0F8B4325B69BAE795
:10414000D0F8B4329B69B6E7037C002B7FF459AFFB
:10415000D0F8B8320DF106005B6B9847B4E7037CEA
:10416000002B7FF44EAFD0F8B8320DF106001B6B78
:1041700098470723C3E78B88002B7FF442AFCB8897
:10418000002B7FF43EAF4D887F2D3FF63AAF90F87D
:104190009C32032B3FF435AFEDB280F89E52294696
:1041A00000F012FC204600F0CCF91DB1022384F887
:1041B0009C3229E70123FAE78978474D01292970C4
:1041C00003D9FFF708FF03251FE790F89C32022B65
:1041D000DEB208D0032E17D0FFF7FDFE2978204667
:1041E000FFF78BFDEFE7B1B101214160FFF77EFDE5
:1041F0000546204625B1FFF7EEFE84F89C6204E7F1
:1042000000F09FF90323D2E749B9022380F89C32DA
:104210004160FFF772FD204600F093F9F4E6416833
:104220000129F8D0C9B2FFF768FD297861602046FE
:10423000FFF75CFD05460028EDD02046FFF7CBFEDA
:1042400021792046FFF759FD022384F89C32DCE6F1
:10425000CA88012A7FF4D5AE90F89C120229CBB20D
:1042600007D8002B3FF4CDAE0146002341F8083FAC
:1042700038E7032B7FF4C5AE011D33E790F89C327D
:10428000013B022B3FF6BDAECA88022A7FF4B9AECD
:10429000D0F8A4320146002B0CBF0123032341F8C0
:1042A0000C3F1FE74B88012B02D1C4F8A432B2E7C0
:1042B000022B7FF4A6AE8B881B0A80F8A032AAE7F7
:1042C00090F89C32013B022B3FF69BAE4B88012BB2
:1042D0007FF49AAE0023E8E71403002070B50B7852
:1042E00003F060025B0604460E4601D5402A1FD14A
:1042F00094F89C32013B022B1AD8317901292046CF
:1043000017D8FFF752FE88B9D4F8B8329B686BB162
:10431000C4F8D4023146204698470546F3881BB9B5
:1043200015B9204600F00DF9284670BD0325F5E7C4
:104330002046FFF750FE0025F6E770B50B788A8817
:104340000D7903F06003202B04460E4658D0402B15
:1043500056D01BB12046FFF73EFE3DE04B78012BC7
:104360003CD0032B25D0002BF4D190F89C32022BAB
:10437000D9B261D00329EDD105F00F0312F0800FFF
:104380004FF0140202FB030366D093F82330002B96
:10439000E0D005F07F03142603FB0666802D06445B
:1043A00066D02946204600F0FDFA002866D0012399
:1043B0005FE090F89C32022BDAB233D0032AC9D1E5
:1043C0004B8833B9690604D0F38813B9294600F045
:1043D000D3FA204600F0B5F8002070BD90F89C326A
:1043E000022BDAB21ED0032AB4D14B88002BF3D1B2
:1043F0006B0602D0294600F0CAFA204600F0A1F868
:1044000029462046FFF7D3FD0028E5D1D4F8B8327D
:10441000C4F8D4029B68002BDED031462046BDE8AC
:10442000704018476A0695D0294600F0A5FA802109
:10443000204600F0A1FACFE769068BD113064CBFE6
:1044400000F1140100F5AA71002301F80E3F0222C9
:10445000204600F047F8BFE793F86331002B3FF4A4
:1044600079AF142606FB050606F5AA76002D98D12D
:104470000023B373022206F10E01E9E7B073F9E7F6
:104480000B7803704B7843704B8843808B88838014
:10449000CB88C380704710B58021044600F06CFAC9
:1044A00020460021BDE8104000F066BA70B50D4608
:1044B0001646044670B1FBF7F3FEC3B201335B004E
:1044C00033802B7003236B70013C0223002114F80E
:1044D000012F02B970BDEA545A1CD2B20233A9545A
:1044E000DBB2F4E710B513460222C0F89422436110
:1044F0000A4641628361002100F071FA002010BD7C
:1045000008B513460A46002100F069FA002008BDEC
:1045100010B513460322C0F89422C0F854310A465D
:10452000C0F86411C0F85831002100F063FA00208F
:1045300010BD08B513460A46002100F05BFA0020C2
:1045400008BD08B504220023C0F8942219461A4673
:1045500000F045FA002008BD08B505220023C0F888
:10456000942219461A4600F045FA002008BD0000C2
:1045700008B50F490F480022FFF78AFB08B1FCF786
:104580003DFD0D490B48FFF796FB08B1FCF736FDE2
:104590000A490848FFF726FB08B1FCF72FFD05483C
:1045A000FFF7A2FB18B1BDE80840FCF727BD08BD26
:1045B000E800002018030020500000209400002094
:1045C00000207047002070470020704708B5014662
:1045D0000348FFF720FB0248FFF744FB002008BD1B
:1045E0001803002008B5002204490548FFF705FB21
:1045F00004490348FFF70FFB002008BDF405002025
:1046000018030020F40D002010B5094CD4F8BC327A
:10461000D3F814320A4643B901462046FFF7EDFAB3
:104620002046BDE81040FFF702BB012010BD00BFCF
:1046300018030020122301480B807047D40000208B
:10464000042301480B807047C40000200C2301485C
:104650000B807047C8000020002370B54D1C1E461B
:10466000040FB0F1204F34BF3034373401F8134019
:1046700005F813600133DCB2A2424FEA0010EFD814
:1046800070BD00001A2310B50B800A4BD3F89005BB
:10469000D3F8982580180AD0D3F894450649082203
:1046A000FFF7DAFF042210312046FFF7D5FF034859
:1046B00010BD00BF0070FF1FAA000020A80000204E
:1046C00008B50A4602480349FFF7F0FE014808BD55
:1046D000679E0008F415002008B50A460248034901
:1046E000FFF7E4FE014808BD7A9E0008F41500209B
:1046F00008B50A4602480349FFF7D8FE014808BD3D
:10470000909E0008F415002008B50A4602480349A7
:10471000FFF7CCFE014808BD9B9E0008F415002061
:1047200010B5AEB004461422002103A801F05AF9D6
:104730009822002108A801F055F92368B3F1A04F91
:1047400055D14FF4005308934FF080632593012314
:10475000CDE909334FF0180E0223CDE90BE3CDE983
:104760000D3308A84FF480130F93FEF755F908B1E5
:10477000FCF744FC204CE36C43F00103E364E36C7E
:1047800003F001030093009B4FF4C0520223CDE9D4
:10479000032300210323CDE905134FF090400A23A2
:1047A00003A90793FCF7A0FDE36C43F48053E36493
:1047B000E36C03F480530193019BA36DD80018D4DC
:1047C000A36D43F08053A365A36D03F08053029360
:1047D000029BFDF7B7FBA36D23F08053A365002276
:1047E00043201146FCF72CFD4320FCF75BFD2EB067
:1047F00010BDFDF7A7FBF2E70010024000F29C415C
:10480000D0F8E004FFF782BA242303FB0103D0F8B9
:10481000E004D3F86022FFF7A9BA242303FB0103C5
:10482000D0F8E0041A6AFFF7DBBAD0F8E004FFF72B
:1048300077BB10B5C379022B044601D0FCF7DEFB31
:10484000D4F8E0040121FFF74FFBD4F8E004BDE801
:104850001040FFF719BB00000268D2F8003E10B507
:1048600043F001030446C2F8003ED0F8E004FFF72D
:104870003EFBE37A23B1034A136943F00603136155
:1048800010BD00BF00ED00E0026810B5D2F8003E98
:1048900023F00103C2F8003EC37A044633B1064A4E
:1048A000136923F006031361FCF75CFAD4F8E00403
:1048B000BDE81040FFF729BB00ED00E0D0F8E004B0
:1048C000FFF74EBBD0F8E004FFF737BBD0F8E004A9
:1048D000FFF759BBD0F8E004FFF757BB08B50278E3
:1048E00003460ABB1148C0F8E034C3F8C8024FF0D1
:1048F000A0430360062303710223C3714372428104
:10490000C260FCF7C7FD08B1FCF778FB80210748BF
:10491000FDF791FA402200210448FDF76DFA0348A3
:1049200080220121FDF768FA002008BD141A00203A
:1049300008B5D0F8C802FCF71EFE18B102280CBF5B
:104940000120032008BD10B51446D0F8C8021A464D
:104950002346FCF73FFE18B102280CBF01200320BC
:1049600010BD08B5D0F8C802FCF769FE18B10228DE
:104970000CBF0120032008BD08B5D0F8C802FCF721
:10498000BCFE18B102280CBF0120032008BD08B5E9
:10499000D0F8C802FCF7E7FE18B102280CBF0120CE
:1049A000032008BD11F0800FD0F8C8324FF0240268
:1049B0001BBF01F07F0102FB013302FB0133987D35
:1049C00008BF93F85602704708B5D0F8C802FCF744
:1049D000EEFD18B102280CBF0120032008BD08B568
:1049E000D0F8C802FCF774FE18B102280CBF0120F1
:1049F000032008BD08B5D0F8C802FCF74AFE18B17C
:104A000002280CBF0120032008BDD0F8C802FCF723
:104A100057BE000010B5044611B1012916D010BDD3
:104A2000C37A33B1FCF79EF9124A136923F00603E7
:104A300013612268D4F8E004D2F8003E23F00103A9
:104A4000BDE81040C2F8003EFFF75FBA0268D0F838
:104A5000E004D2F8003E43F00103C2F8003EFFF745
:104A600046FAE37A002BDAD0024A136943F00603D0
:104A70001361D4E700ED00E000487047F417002010
:104A800070472DE9FF4757EC106B002F0C46194675
:104A90003B46BBBF07F100431F4600232D230B708D
:104AA0000D9BDDF830A0914623F02008BCBF3246B4
:104AB0001646B8F1460F05D0B8F1450F00D10134C4
:104AC000022100E0032103AB019302AB009347EC0A
:104AD000106B5346224601F0B3F8B8F1470F054674
:104AE00019D119F0010F0ED000EB040900220023A8
:104AF00030463946FCF700F808B1CDF80C9030226A
:104B0000039B4B451ED3039B0E9A5B1B28461360E9
:104B100004B0BDE8F087B8F1460F00EB0409E5D119
:104B20000378302B0AD10022002330463946FBF7A8
:104B3000E3FF18B9C4F10104CAF80040DAF8003004
:104B40009944D3E7591C03911A70D9E7F7B50029A6
:104B5000BABF49422D232B2309290270437029DD56
:104B60000DF1070425460A272246B1FBF7F607FB9D
:104B70001613303302F8013C0B46632B04F1FF346B
:104B80003146F1DC3031931E04F8011C411C1C46F7
:104B9000AB420AD30DF109039B1AA54238BF00238B
:104BA000821C1344181A03B0F0BD13F8016B01F80E
:104BB000016FEDE7302330318370C170031DF1E7E1
:104BC0002DE9F04F8DB00C46DDF8588016461F4693
:104BD000054600F00FFF036806931846FBF760FBDD
:104BE00000230A93D8F8003094F818A0D4F800B045
:104BF0000790073323F00703B3EC027B8DED047BB2
:104C0000C8F80030DDE9048323F0004984ED127B0D
:104C10009C4B4FF0FF3240464946FBF79FFF70BB6D
:104C2000984B4FF0FF3240464946FBF779FF30BBC7
:104C3000DDE9040100220023FBF768FF10B12D23FA
:104C400084F84330904A914BBAF1470F8CBF90469D
:104C50009846032323612BF0040323604FF00009DF
:104C6000009733460BAA2146284600F0D1F90130BF
:104C700040F08C804FF0FF300DB0BDE8F08FDDE9E3
:104C8000042310461946FBF769FF40B1059B804A93
:104C9000002BBCBF2D2384F843307E4BD4E76368E0
:104CA0005A1C0AF0DF093BD1062363604BF4806293
:104CB0000023226003930AABCDE901A309AB009363
:104CC00061689DED040B0DF123032846FFF7D9FE23
:104CD000B9F1470F0999804629D1C81C02DB6368E6
:104CE0008B4241DAAAF1020A5FFA8AFA0139524686
:104CF00004F150000991FFF729FF0A9A1318012ABD
:104D00008146236102DC2268D20701D50133236189
:104D10009DF82330002BA3D02D2384F843309FE748
:104D2000B9F1470FC2D1002BC0D10123BDE7BAF1C1
:104D3000650FDBD9BAF1660F18D1002963680BDD66
:104D4000216113B92268D00702D501330B442361D6
:104D5000A1654FF00009DBE713B92268D20701D53E
:104D60000233F4E70123F2E74FF0670A0A9B8B4214
:104D700005DC23682161D807EAD54B1CE7E7002949
:104D8000D4BFC1F1020201221344E0E723685A05AF
:104D900007D42369424631462846B84701302BD113
:104DA00068E7BAF1650F40F2DD80D4E91201002214
:104DB0000023FBF7A1FE002833D0374A01233146F8
:104DC0002846B84701303FF455AFDDE9093843457F
:104DD00002DB2368D8070FD5DDE9062331462846D4
:104DE000B84701303FF446AF4FF0000908F1FF38F3
:104DF00004F11A0AC84509DC23689B0700F1038106
:104E0000E0680B9B9842B8BF184635E7012352462D
:104E100031462846B84701303FF42CAF09F101096B
:104E2000E8E7099B002B39DC1B4A01233146284661
:104E3000B84701303FF41EAFDDE9093959EA0303F1
:104E400002D12368D907D7D5DDE9062331462846A4
:104E5000B84701303FF40EAF4FF0000A04F11A0BCF
:104E6000099B5B42534501DC4B4693E701235A46BD
:104E700031462846B84701303FF4FCAE0AF1010A3A
:104E8000EEE700BFFFFFEF7FAD9E0008A99E000880
:104E9000B59E0008B19E0008B99E0008A36DDDF81C
:104EA00028A05345A8BF5346002B994636DC4FF047
:104EB000000B29EAE97904F11A02A36D0493A3EB2C
:104EC00009035B4531DC099B9A453ADC2368DA0724
:104ED00037D4099BAAEB0309049BAAEB030399456A
:104EE000A8BF9946B9F1000F33DC4FF0000829EA5A
:104EF000E97904F11A0B099BAAEB0303A3EB09035D
:104F000043457FF779AF01235A4631462846B847D3
:104F100001303FF4AFAE08F10108ECE742463146FC
:104F20002846B8470130C2D1A4E6012331462846BD
:104F30000492B84701303FF49DAE049A0BF1010B87
:104F4000BBE7DDE9062331462846B8470130C0D12A
:104F500090E6049A4B46424431462846B847013011
:104F6000C3D187E6DDF828A0BAF1010F01DCDB0729
:104F700036D50123424631462846B84701303FF432
:104F800079AEDDE9062331462846B84701303FF4C3
:104F900071AED4E91201002200230AF1FF3AFBF7B7
:104FA000ABFDC0B9534608F1010231462846B84767
:104FB00001300CD15EE601235A4631462846B847F7
:104FC00001303FF457AE08F10108D045F3DB4B4602
:104FD00004F15002DFE64FF0000804F11A0BF4E789
:104FE00001234246E1E701234A4631462846B847B5
:104FF00001303FF43FAE08F10108E3680B995B1AFA
:105000004345F0DCFCE64FF0000804F11909F4E731
:105010002DE9F047164698468A680B69DDF820901E
:105020009342B8BF1346336091F8432007460C46BD
:105030000AB1013333602368990642BF33680233F3
:105040003360256815F0060506D104F1190AE368F6
:1050500032689B1AAB4226DC94F843302268003B4E
:1050600018BF012392062BD404F14302414638466F
:10507000C84701301ED02368226903F00603042BC1
:1050800002BFE5683368ED1AA3680CBF25EAE57531
:1050900000259342C4BF9B1AED1800261A34B5426E
:1050A0001AD1002008E00123524641463846C8473D
:1050B000013003D14FF0FF30BDE8F0870135C6E77E
:1050C000E1185A1C302081F84300224494F845101E
:1050D00082F843100233C7E701232246414638468F
:1050E000C8470130E6D00136D9E700002DE9F0438A
:1050F0000D7E85B0782D90460C9E07460C4699464D
:1051000001F1430207D8622D0AD8002D00F0D780A4
:10511000582D00F0BC8004F1420684F842503BE078
:10512000A5F16303152BF6D801A151F823F000BFB8
:10513000895100089D5100081751000817510008B7
:1051400017510008175100089D5100081751000819
:10515000175100081751000817510008A552000800
:10516000C75100085752000817510008175100088E
:10517000C752000817510008C7510008175100080E
:10518000175100085F52000833681A1D1B6832600F
:1051900004F1420684F842300123A1E0336820681C
:1051A000191D3160060601D51D6803E04506FBD5D3
:1051B000B3F90050002D03DA2D236D4284F84330FB
:1051C0005B480A2311E021683368080653F8045B42
:1051D00002D4490648BFADB23360237E54486F2BDA
:1051E0005CD10823002184F843106668A660002E75
:1051F00005DB21682E4321F00401216050D01646C2
:10520000B5FBF3F103FB115C10F80CC006F801CDFF
:10521000AC4663450D46F3D9082B0BD12368DB0759
:1052200008D5236961689942DEBF302306F8013C46
:1052300006F1FF36921B2261CDF80090434603AA87
:1052400021463846FFF7E4FE01304ED14FF0FF30E3
:1052500005B0BDE8F083236843F0200323603548A0
:10526000782584F845502368316813F0800F51F891
:10527000045B03D113F0400F18BFADB23160D90702
:1052800044BF43F0200323601DB11023AAE7284840
:10529000E7E7236823F020032360F6E70A23A1E76A
:1052A0001646B9E7336825686169181D30602E0617
:1052B0001B6801D5196002E06806FBD51980002340
:1052C00023611646B8E733681A1D32601E686268AB
:1052D00000213046FAF794FF08B1801B60606368D4
:1052E0002361002384F84330A6E723693246414610
:1052F0003846C8470130A9D023689B0713D4E0681B
:10530000039B9842B8BF1846A2E7012332464146A4
:105310003846C847013099D00135E36803995B1AD4
:10532000AB42F2DCEBE7002504F11906F5E700BF1C
:10533000BB9E0008CC9E00082DE9F04F87B0914637
:1053400003938B685A1EB2F5AE7F81BF6FF4AE75C2
:1053500003EB050B40F25D138B600B680A464FF0C0
:10536000000543F4F06342F81C3BCDE90455804648
:105370000C4698BF4FF0000B01921646AA462F46E6
:105380000295A2685AB1D9F800301B784E2B63D829
:10539000402B3BD8A3F12B01C8B20E2839D91FB13D
:1053A000236823F4807323600AF1FF3ABAF1010FF6
:1053B00000F21481019B9E4200F20581012007B09A
:1053C000BDE8F08FA3F161020D2AE8D801A151F8E0
:1053D00022F000BF1D5500089F5300089F5300088E
:1053E0009F53000879550008535500089F53000843
:1053F0009F5300082B5500089F5300089F53000837
:105400009F5300089F530008E7540008A3F141028E
:10541000DAE70E29C3D801A050F821F0D7540008CC
:105420009F530008D7540008675500089F53000891
:1054300079540008BD540008BD540008BD5400084C
:10544000BD540008BD540008BD540008BD540008F8
:10545000BD540008BD5400086E2B09D8602BB1D88C
:10546000542B7BD0592B9AD1072D98D108252FE0AA
:10547000742B73D0792BF6E72168C8051ED521F06F
:10548000800121600137BBF1000F03D001320BF125
:10549000FF3BA260A368013BA36023690133236142
:1054A000D9F80430013B002BC9F8043040F3828066
:1054B000D9F800300133C9F8003062E71AEB050172
:1054C0007FF46DAF226822F4C07222600D468A46D6
:1054D00006F8013BDEE7226810067FF560AF22F098
:1054E00080022260F4E7BAF1000F0CD177B922688C
:1054F00002F4E061B1F5E06F08D122F4F0622260BD
:105500004FF0010AE4E7BAF1020F50D0012D02D0AA
:10551000042D7FF444AF0135EDB2D9E7BAF1010FA4
:105520007FF43DAF4FF0020AD2E775B9002F7FF448
:1055300037AF226802F4E061B1F5E06F40F002811C
:1055400022F4F06222600125C2E7032DE3D0052D8D
:10555000DFE7022D7FF423AF0325B9E7062D7FF4A3
:105560001EAF0725B4E7226891057FF518AF22F436
:10557000207222600297ABE7226802F4A061B1F5C5
:10558000806F05D050057FF50AAF002F00F0DA805C
:10559000910558BF029922F4F06258BF791A42F47B
:1055A000C07258BFCDE904162260002790E74FF083
:1055B000030A8DE7D4F880314946404698470028D1
:1055C0003FF4DFAEEBE6D4F87C3116F8011D4A4615
:1055D000404698472369013B2361EBE66B1E062B8F
:1055E00024D8022D36D8019B9E427FF6E7AED4F830
:1055F0007C3116F8011D4A46404698472369013B15
:105600002361F0E7D4F87C311BF8011D4A4640467F
:1056100098472369013B23610AF1FF3A5FFA8AFA4E
:10562000BAF1020FEED1033DEDB2761B2368DA0525
:1056300030D55D0511D5019B9E427FF6BFAED4F8F3
:105640007C3116F8011D4A46404698472369013BC4
:105650002361F0E7AA46B346DEE716F8011C23698A
:10566000652903F1FF3306F1FF3523610CD045298D
:105670000AD0D4F87C314A4640469847236916F848
:10568000021C013BB51E2361D4F87C314A464046DA
:1056900098472E46226812F0100201D000208EE6B4
:1056A0003270236803F4C063B3F5806F24D1029B8A
:1056B0009F420AD0DA1B04F26F139E4228BF04F502
:1056C000B7762149304600F007F90199002240469B
:1056D00002F046FC039B21681B68880757EC106B9F
:1056E00003F1040215D503990A601B68C3E900673A
:1056F000E3680133E360D1E7049B002BE5D0059913
:105700000A230131404602F0ABFC049B059EC21AFD
:10571000D1E711F0040F03990A60E6D11D68324603
:105720003B4630463946FBF719FA28B1074800F0E6
:10573000D9F985ED000ADBE730463946FBF76CFA0C
:105740002860D5E700272FE6DD9E0008669E00084A
:10575000002310B50446C0E90033C0E90433836078
:1057600081814366C2818361194608225C3000F062
:1057700039F90D4B63620D4BA3620D4BE3620D4B88
:1057800023630D4B24629C4206D003F168029442CD
:1057900002D0D0339C4205D104F15800BDE810403E
:1057A00000F09CB910BD00BF1D5900083F5900080A
:1057B000775900089D590008F81E0020024A034945
:1057C000034800F06BB800BF0801002019840008EE
:1057D0001801002041680C4B994210B5044601D0D5
:1057E00002F01AFEA168094B994202D0204602F04D
:1057F00013FEE168064B994204D02046BDE81040F4
:1058000002F00ABE10BD00BFF81E0020601F00207D
:10581000C81F00200C4B0D4A0D4810B504211A601A
:105820000022FFF795FF0A4B01221C46092103F1D4
:105830006800FFF78DFF04F1D0000222BDE81040A0
:105840001221FFF785BF00BF30200020BD570008A0
:10585000F81E0020014800F042B900BF39200020A6
:10586000014800F03DB900BF3920002010B50446C2
:10587000FFF7F0FF236A1BB1BDE81040FFF7F0BF50
:10588000044B2362044B1B68002BF5D1FFF7C2FFCA
:10589000F2E700BFD5570008302000202DE9F8437B
:1058A0000746884614460026D4E90195B9F1010956
:1058B00005D52468002CF7D13046BDE8F883AB89C4
:1058C000012B07D9B5F90E30013303D029463846EC
:1058D000C04706436835E9E70EB410B59DB01FAB6D
:1058E000029006906FF000410A48079104910A491E
:1058F00053F8042B0591002402A9006801931B941E
:1059000002F010FC029B1C701DB0BDE8104003B0FB
:10591000704700BF140100200802FFFF10B50C46BD
:10592000B1F90E1000F08CF80028ABBF636DA389AD
:105930001B1823F48053ACBF6365A38110BD2DE910
:10594000F0411F468B89DB0505460C46164605D5FA
:10595000B1F90E100223002200F060F8A389B4F917
:105960000E1023F48053A38132463B462846BDE8FF
:10597000F04100F077B810B50C46B1F90E1000F008
:105980004DF8B4F90C30421C0BBF23F4805343F4A0
:105990008053A381A38118BF606510BDB1F90E10BB
:1059A00000F02CB810B59AB00024009104916FF06B
:1059B000004105910291054903916946199402F04D
:1059C000B1FB009B1C701AB010BD00BF0802FFFFA6
:1059D00013460A46014602480068FFF7E3BF00BFCE
:1059E0001401002002440346934200D1704703F89B
:1059F000011BF9E7004870475402002038B5064DF6
:105A00000023044608462B60FBF74EFB431C02D1E3
:105A10002B6803B1236038BD3420002038B5074D12
:105A200004460846114600222A601A46FBF746FB48
:105A3000431C02D12B6803B1236038BD3420002001
:105A400038B5074D04460846114600222A601A461A
:105A5000FBF70EFB431C02D12B6803B1236038BD5A
:105A60003420002038B5074D044608461146002270
:105A70002A601A46FBF70AFB431C02D12B6803B1CC
:105A8000236038BD34200020014B1868704700BFE8
:105A90001401002070B50D4B0D4D5B1B9C100026B2
:105AA000A64209D104F0C2F90A4D0B4B5B1B9C10B6
:105AB0000026A64205D170BD55F8043B9847013633
:105AC000EEE755F8043B98470136F2E7ECA60008EC
:105AD000ECA60008ECA60008F0A600087047704786
:105AE000704700009FED010A704700BF0000C07FB3
:105AF0001FB514461A46094B1B680546D8684CB1B9
:105B0000074B0091CDE9013406492B4602F0ACFC6D
:105B100002F00EFD044B1C46F3E700BF1401002009
:105B2000E29E0008EF9E0008669E00082DE9F74FF0
:105B300003690C69A34207467EDB013C01F11408AE
:105B4000A30000F11405009305EB8403019358F8BA
:105B5000243055F8242001339A4208EB8409B2FB23
:105B6000F3F62ED34FF0000AC446AE46D3465CF897
:105B7000043B98B206FB00A0020C1B0C06FB03239F
:105B8000DEF8002080B292B2121A5A44DEF8000009
:105B90004FEA134A9BB2C3EB224303EB104392B28A
:105BA00042EA0342E1454EF8042B4FEA234BDED292
:105BB000009BEB582BB9019B043B9D421A462FD307
:105BC0003C61384601F0DEF9002825DB294600203B
:105BD00058F8042BD1F800C01FFA82FE1FFA8CF38C
:105BE000A3EB0E030344120CC2EB234202EB1C4254
:105BF0009BB243EA0243C14541F8043B4FEA2240CD
:105C0000E6D255F8242005EB840322B9043B9D42DB
:105C10001A460BD33C610136304603B0BDE8F08F25
:105C20001268043B002ACBD1013CC6E71268043B52
:105C3000002AEFD1013CEAE70020EEE70000000077
:105C40002DE9F04F99B08DED0E0B0C92C269229C9C
:105C50000A9157EC106B8146139382B9102000F023
:105C600015FE0246C9F81C0020B9AB4BEF21AB482A
:105C7000FFF73EFF0023C0E901330360C3601168F2
:105C800059B152684A60012393408B60484600F046
:105C9000F1FED9F81C3000221A60B7F10008B5BF38
:105CA00001230023236023609D4BBCBF28F00048E4
:105CB000CDF83C8033EA08031AD1139AC8F31308CD
:105CC00042F20F7358EA0608136000F06885239BC0
:105CD00053B9944B21E0944B00930833239A1360FB
:105CE000009819B0BDE8F08F8E4B00930333F5E7B1
:105CF0009DED0E7B002251EC170B00238DED067BF2
:105D0000FAF7FAFE824650B1139A01231360239BDF
:105D100013B1239A854B1360854B0093E0E79DED0B
:105D2000060B16AA17A9484601F050FA5FEA185464
:105D3000169D019079D0079BCDF850A0C3F31303B3
:105D4000DDE9060143F07F5343F44013A4F2FF342E
:105D500019460022774BFAF7AFFA69A3D3E900237B
:105D6000FAF762FC68A3D3E90023FAF7A7FA06461C
:105D700020460F46FAF7EEFB65A3D3E90023FAF7B6
:105D800053FC02460B4630463946FAF797FA064668
:105D90000F46FAF7F9FE00228046002330463946C6
:105DA000FAF7B4FE48B14046FAF7D4FB32463B4618
:105DB000FAF7A2FE08B908F1FF38B8F1160F51D86A
:105DC0005D4B03EBC803D3E90023DDE90601FAF7D5
:105DD0009DFE002848D008F1FF38002312932D1BA8
:105DE0006B1E089343BF0023C5F1010708930027EA
:105DF000B8F1000F3ADB089BCDF834804344089398
:105E0000002309930A9B092B62D8052BC4BF043BCE
:105E10000A930A9BA3F10203CCBF00240124032BA5
:105E200062D8DFE803F05153362B179C2C4404F260
:105E30003243202BC1BFC3F1400308FA03F804F238
:105E4000124326FA03F3D6BFC3F1200348EA030046
:105E500006FA03F0FAF76EFB0122A1F1F873013C98
:105E6000149275E70123B9E71290B8E7C8F100036F
:105E700009930023A7EB08070D93C3E701230B93B6
:105E80000C9B434405930133012B0493B8BF0123BA
:105E900006E001230B930C9B002B28DDCDE9043396
:105EA000D9F81C000021042202F114059D4223D9D7
:105EB0004160484600F0A0FD0090002840D11F4BF3
:105EC000024640F2AF11D2E60023E3E70023D6E713
:105ED00001240023CDE90A344FF0FF33CDE9043328
:105EE000002212230C92DBE701230B93F4E701233A
:105EF000CDE904331A46F5E701315200D4E700BF7B
:105F000061436F63A787D23FB3C8608B288AC63FBF
:105F1000FB799F501344D33F2B9F0008429F0008FA
:105F20000000F07F279F00081E9F0008BA9E00080F
:105F3000B99E00080000F83FF8A000089A9F0008EA
:105F4000D9F81C30009A1A60049B0E2B00F2A18035
:105F5000002C00F09E80B8F1000F36DD9E4B08F05B
:105F60000F0203EBC20318F4807FD3E900AB4FEAC2
:105F7000281516D0994BDDE90601D3E90823FAF775
:105F80007DFCCDE9020105F00F050324934E75B9A0
:105F9000DDE9020152465B46FAF770FC82468B4609
:105FA0002DE09DED067B02248DED027BEEE7E907F7
:105FB00008D550465946D6E90023FAF735FB013497
:105FC00082468B466D100836E1E700F0AD80C8F1DF
:105FD0000005814B814E05F00F0203EBC203D3E9AC
:105FE0000023DDE90601FAF71FFB2D1182468B46DF
:105FF00000230224002D40F08C80002BCED1129B78
:10600000002B00F09580764B002250465946FAF757
:106010007DFD002800F08C80049B002B00F0888020
:10602000059B002B35DD08F1FF330293504659469E
:106030006C4B0022FAF7F8FA059E82468B46013433
:106040002046FAF787FA52465B46FAF7EDFA664BB6
:106050000022FAF733F90446A1F15075CDE9104555
:10606000002E69D1614B002250465946FAF724F9B7
:1060700022462B4682468B46FAF766FD002840F002
:106080009482224605F1004350465946FAF73EFDF8
:1060900020BB179B002BC0F26081B8F10E0F00F3FC
:1060A0005C814D4B03EBC803D3E900AB0C9B002B89
:1060B00080F2EE80049B002B00F3EA800ED14B4B64
:1060C000002250465946FAF7AFFA02460B46DDE980
:1060D0000601FAF725FD002800F06A8200252C460B
:1060E0000C9B009EDB43029327460024294648462A
:1060F00000F0C0FC002F00F0C1802CB1BC4203D0E6
:106100002146484600F0B6FC3946484600F0B2FC4D
:10611000B4E0EA0705D5D6E90023FAF785FA013499
:1061200001236D10083665E7DDE906AB022466E75A
:10613000049ECDF8088083E7274B03EBC60353E9A1
:1061400002010B9B002B55D002460B46002028492C
:10615000FAF794FBDDE91023FAF7AEF8009BCDE9DE
:1061600010019D191E4659465046FAF70DFD04468A
:10617000FAF7F0F902460B4650465946FAF79CF8F2
:106180003034DDE9102306F8014B82468B46FAF7DE
:10619000BDFC002872D152465B4611490020FAF737
:1061A0008BF8DDE91023FAF7B1FC002840F0B68047
:1061B000AE423FF46EAFDDE910010A4B0022FAF760
:1061C00033FA084BCDE91001002250465946FAF740
:1061D0002BFA82468B46C6E7F8A00008D0A000083C
:1061E0000000F03F0000244000001C40000014406C
:1061F0000000E03FDDE91023FAF716FA009B009D4E
:10620000CDE910013344159359465046FAF7BCFCCA
:106210000446FAF79FF930340B4602465946504679
:10622000FAF74AF805F8014B159B9D4282468B46CA
:1062300027D1009B0022DDE910011E44B34BFAF781
:106240003DF802460B4650465946FAF77DFC0028B9
:1062500064D1DDE91023AD490020FAF72DF802469C
:106260000B4650465946FAF751FC00283FF411AF4F
:10627000334616F8012D302AFAD01E46DDF8088084
:106280003AE0A34B0022FAF7CFF982468B46BBE7F0
:10629000009E52465B46DDE90601FAF7EFFAFAF78F
:1062A00073FC0746FAF756F952465B46FAF7BCF913
:1062B00002460B46DDE90601F9F7FEFF07F1300C57
:1062C000009C06F801CBA6EB040C049C6445024636
:1062D0000B4633D1F9F7F2FF52465B4604460D46B2
:1062E000FAF732FCC0B952465B4620462946FAF717
:1062F00003FC08B1FB070FD40199484600F0BAFB34
:106300000023139A337008F101031360239B002BC1
:106310003FF4E6AC1E60E3E4CDF8088033461E4649
:1063200013F8012D392A06D1009A9A42F7D1029A20
:1063300001320292302201321A709FE7744B002220
:10634000FAF772F902460B46CDE906230022002334
:10635000FAF7D2FB00289CD0CEE70B9A002A00F077
:10636000E3800A9A012A00F3C280149A002A00F0FE
:10637000BA8003F23343099D3E46089A01211A442C
:1063800048461F44089200F073FC044656B1089B2F
:10639000002B07DDB342089AA8BF3346FF1AF61A4E
:1063A000D31A0893099B0BB30B9B002B00F0C380FF
:1063B000002D00F0BD8021462A46484600F018FD19
:1063C000019A01460446484600F068FC019982465D
:1063D000484600F04FFB099B5B1B099300F0AE8021
:1063E000099A5146484600F003FD019001214846B4
:1063F00000F03EFC0D9B0546002B00F0D7811A46AD
:106400000146484600F0F4FC0A9B012B054600F3C8
:106410009D800E9B002B40F094800F9BC3F31303D1
:10642000002B40F08E800F9B23F000431B0D1B05BB
:10643000002B00F08980089B0133013708934FF04F
:10644000010A0D9B002B00F0B7812B6905EB83033C
:10645000186900F0C1FBC0F12000089B184410F03F
:106460001F007ED0C0F12003042B72DD089BC0F119
:106470001C000344074406440893002F05DD0199DE
:106480003A46484600F010FD0190089B002B05DDC0
:1064900029461A46484600F007FD0546129B002B88
:1064A00061D00198294600F06DFD00285BDA08F103
:1064B000FF330293019900230A22484600F0FCFAB8
:1064C0000B9B0190002B00F07981002321460A22CA
:1064D000484600F0F1FA059B002B044672DC0A9B4B
:1064E000022B49DC6EE0169BC3F1360343E7049BA5
:1064F0005D1E099BAB420DDB5D1B049B002BBFF6B1
:106500003BAF049BFE1A002337E700BF0000E03FCB
:1065100000002440099B0D9A0995EB1A1A440D922C
:10652000049B3E46002528E7099D0B9C3E462DE72F
:10653000DDF804A054E7099A019953E7CDF804A0C7
:1065400054E74FF0000A7CE79A467AE74FF0000ADA
:106550007BE792D0089A1C331A441F441E440892C9
:106560008BE70346F6E7049BCDF80880002B23DC7D
:1065700005930A9B022B21DD059B002B7FF4B0AD18
:1065800029460522484600F097FA0146054601983B
:1065900000F0F8FC00287FF7A3AD009E312306F839
:1065A000013B029B013302939EE535462C46F4E7FE
:1065B000049DCDF80880F9E7049B05930B9B002B05
:1065C00000F00081002E05DD21463246484600F0ED
:1065D0006BFC0446BAF1000F5AD06168484600F0DF
:1065E0000BFA064628B9824B024640F2EF21FFF72C
:1065F0003EBB22690232920004F10C010C3001F022
:1066000081FF01223146484600F04EFC0746009BC0
:10661000009A03F1010B059B134406930E9B03F0B4
:10662000010308930BF1FF33294601980493FFF708
:106630007DFA2146059000F1300A019800F0A2FC95
:106640003A4680462946484600F0B8FCC2680646ED
:1066500002BB0146019800F095FC024631464846CF
:10666000099200F007FADDE9092342EA0301089BD9
:1066700019435E4610D1BAF1390F2BD0B8F1000F93
:1066800002DD059B03F1310A049B83F800A02DE590
:106690002746BCE70122E1E7B8F1000F06DB0A9BC1
:1066A00048EA0308089B58EA030820D1002AEBDDDA
:1066B00001990122484600F0F7FB2946019000F0BD
:1066C00061FC002803DCDFD11AF0010FDCD0BAF145
:1066D000390FD6D1049A3923137033461E46013B35
:1066E00016F8012C392A52D001321A70FEE4002A21
:1066F00007DDBAF1390FEDD0049A0AF101031370E6
:10670000F4E4069B0BF801AC5B452AD00199002309
:106710000A22484600F0D0F9BC4201904FF0000335
:106720004FF00A022146484606D100F0C5F904465A
:1067300007460BF1010B75E700F0BEF93946044638
:1067400000230A22484600F0B7F90746F1E7059B07
:106750005E1E002B009BD8BF00265A1C27461644FD
:10676000002401990122484600F09EFB2946019031
:1067700000F008FC0028B0DC02D11AF0010FACD107
:1067800033461E4613F8012D302AFAD0AEE4009AA3
:106790009A42A3D1029B013302933123AFE7239B9B
:1067A000002B7FF498AA134BFFF7B7BA0A9B012B73
:1067B0007FF72FAEDDF834A001204EE6059B002BBD
:1067C0007FF7D7AE009E01982946FFF7AFF900F199
:1067D000300A009B06F801ABF21A059B9342B6DD26
:1067E000019900230A22484600F066F90190EAE781
:1067F0009A9F00081E9F000838B50546002941D021
:1068000051F8043C0C1F002BB8BFE41800F0E8F866
:106810001D4A136833B9636014602846BDE83840E8
:1068200000F0E4B8A34208D9206821188B4201BFC8
:1068300019685B6809182160EDE71A465B680BB1BF
:10684000A342FAD911685018A0420BD12068014424
:10685000501883421160E0D118685B6853600844A7
:106860001060DAE702D90C232B60D6E720682118E4
:106870008B4204BF19685B68636004BF091821601C
:106880005460CAE738BD00BF40200020024B0146DB
:10689000186800F025B800BF1401002070B50F4E35
:1068A0000C463168054611B901F01CFE30602146E6
:1068B000284601F017FE431C03D14FF0FF34204659
:1068C00070BDC41C24F00304A042F8D0211A28464D
:1068D00001F008FE0130F2D1EFE700BF3C200020BC
:1068E0002DE9F843CD1C25F0030508350C2D38BFE4
:1068F0000C25002D064601DBA94204D90C23336088
:106900000020BDE8F883DFF8D48000F069F8D8F8FB
:1069100000301C4644BB29463046FFF7BFFF431CEE
:10692000044658D1D8F800402746002F43D1002C08
:106930004BD023683946304604EB030901F0D2FD01
:10694000814542D121686D1A29463046FFF7A6FFDE
:1069500001303AD023682B442360D8F800305A68BD
:1069600062BBC8F800700FE02268521B20D40B2ACB
:1069700017D96119A342256018BF5960636808BF21
:10698000C8F8001062514B60304600F02FF804F157
:106990000B00231D20F00700C21A1CBF1B1AA350B6
:1069A000AFE76268A3420CBFC8F800205A60EBE76B
:1069B00023466468AEE73C467F68B6E71A465B68E4
:1069C000A342FBD100235360DEE70C233360304643
:1069D00000F00CF894E70560D6E700BF40200020E7
:1069E0000148FFF77CB800BF382000200148FFF7BE
:1069F00077B800BF3820002070B5C46905460E4640
:106A000084B91020FFF742FF0446E86128B9024626
:106A1000164B17486B21FFF76BF80023C0E90133D1
:106A20000360C360E36853B921220421284601F0C2
:106A300086FDEB69E060DB680BB9002070BD53F8A0
:106A4000260030B1026843F826200023C0E9033352
:106A5000F4E7012101FA06F4621D9200284601F0D4
:106A60006EFD0028E9D0C0E90164EEE72B9F000825
:106A7000AB9F000870B5C66905460C4676B9102074
:106A8000FFF704FF0246E86120B9094B09488F214E
:106A9000FFF72EF8C0E901660660C6603CB1EB69FD
:106AA0006268DB6853F82210216043F8224070BD11
:106AB0002B9F0008AB9F00082DE9F0410D690746A8
:106AC0000C461E4601F1140C0020DCF8003099B28F
:106AD00002FB01611E0C0B0C02FB063389B2013074
:106AE00001EB034185424CF8041B4FEA1346ECDCF2
:106AF0000EB3A368AB4219DC616838460131FFF779
:106B00007BFF804628B902460C4B0D48BA21FEF7A0
:106B1000EFFF2269023204F10C0192000C3001F007
:106B2000F1FC21463846FFF7A5FF444604EB8503F8
:106B300001355E6125612046BDE8F0819A9F00081D
:106B4000AB9F00082DE9F8430C4615461F46092265
:106B50000833064693FBF2F3002101229A4209DB37
:106B60003046FFF749FF40B90246194B1948D32177
:106B7000FEF7BEFF52000131F0E7089B4361092D8B
:106B80004FF00103036116DD04F10908C1462C44EE
:106B900019F8013B0146303B0A223046FFF78CFFD3
:106BA000A145F5D1A844A8F108042D1B63199F4203
:106BB00004DCBDE8F8830A340925F6E714F8013B44
:106BC0000146303B0A223046FFF776FFEEE700BF72
:106BD0009A9F0008AB9F0008B0F5803F034636BF80
:106BE000030400201020B3F1807F3CBF1B0208305B
:106BF000B3F1805F3CBF1B010430B3F1804F3CBF59
:106C00009B000230002B05DB13F0804F00F10100E8
:106C100008BF202070470368024613F007000BD01E
:106C2000D90721D4980749BF5B089B08012013604E
:106C30005CBF13600220704799B209B91B0C102089
:106C4000D9B209B908301B0A190704BF1B0904305F
:106C5000990704BF9B080230D90703D45B0800F1F1
:106C6000010003D013607047002070472020704758
:106C700010B50C460121FFF7BFFE024628B9054BAF
:106C8000054840F24511FEF733FF012344610361DB
:106C900010BD00BF9A9F0008AB9F00082DE9F04F80
:106CA000D1F81090D2F810A0D14585B0884614468E
:106CB00004DB53460C46CA4690469946A368616871
:106CC0000AEB0906B342B8BF0131FFF795FE30B9B0
:106CD0000246454B45484FF4B171FEF709FF00F1FC
:106CE000140505EB86072B460022BB421FD304F197
:106CF000140C08F114010CEB8A0301EB89020292D7
:106D00001A1B153A22F0030215349C4288BF002258
:106D10000192029A03918A420CD8002E03DD57F8A3
:106D2000043D002B5DD0066105B0BDE8F08F43F84F
:106D3000042BDAE7B1F800A0BAF1000F24D0E04646
:106D4000A9464FF0000E58F8042BD9F800401FFA5E
:106D500082FBA4B20AFB0B444FEA124BD9F8002085
:106D600074444FEA124E0AFB0BE202EB1442A4B247
:106D700044EA0244434549F8044B4FEA124EE2D834
:106D8000019AAA18C2F804E0039AB2F8028004310A
:106D9000B8F1000F23D02A68E6469146AA464FF084
:106DA000000BBEF8004008FB04B404EB194492B297
:106DB00042EA04424AF8042B5EF8042BDAF8009009
:106DC0004FEA124B1FFA89F208FB0B2202EB144226
:106DD00073454FEA124BE4D8019C2C1962600435CC
:106DE00097E7013E99E700BF9A9F0008AB9F000814
:106DF0002DE9F843174612F0030280460D4607D0EE
:106E0000264C013A002354F82220FFF755FE054690
:106E1000BF103FD0D8F81C4094B91020FFF736FDC2
:106E20000446C8F81C0030B902461D4B1D4840F20C
:106E3000B311FEF75DFE0023C0E901330360C360B8
:106E4000A66846B940F271214046FFF711FF0023C2
:106E5000A060064603602C464FF0000907F00103CE
:106E60007F1053B1294632464046FFF717FF2146AF
:106E700005464046FFF7FEFD67B1306838B9324637
:106E800031464046FFF70AFF3060C0F800900646E2
:106E90002C46E3E72846BDE8F88300BFC0A0000801
:106EA0002B9F0008AB9F00082DE9F84F0C4649685E
:106EB000236903EB6218A368074615464FEA621A76
:106EC00008F101094B450BDB3846FFF795FD0646F7
:106ED00048B90246294B2A484FF4EF71FEF708FEE5
:106EE00001315B00EEE7002300F1140C00F1100209
:106EF0001946534535DB22692AEAEA7A0CEB8A0CFB
:106F000004F1140315F01F0E614603EB82022CD02E
:106F1000CEF1200A002518688B4600FA0EF02843AF
:106F2000CBF8000053F8045B9A4201F1040125FA02
:106F30000AF5F0D8131B153B23F0030304F11501E8
:106F40008A4238BF00239C44CCF8045005B9C1469E
:106F50003846C6F810902146FFF78CFD3046BDE854
:106F6000F88F42F8041F0133C3E753F8045B0D6048
:106F70009A4201F10401F8D8E9E700BF9A9F00089E
:106F8000AB9F00080A6903460069801A30B50ED12C
:106F90001433143103EB820401EB820154F8045DD5
:106FA00051F8042D954203D005D24FF0FF3030BD8B
:106FB000A342F3D3FBE70120F9E700002DE9F74FE7
:106FC0008A460646114650461446FFF7DBFF051E6B
:106FD00012D129463046FFF70FFD024628B9414B32
:106FE00040F237214048FEF783FD0123C0E9043514
:106FF000104603B0BDE8F08FBCBF5346A2463046F2
:10700000DAF80410BABF1C4601250025FFF7F4FC8E
:10701000024618B9334B40F24521E3E7DAF8107025
:107020002669C5600AF1140904F1140E00F1140573
:107030000AF1100309EB87080EEB86060193AB46B5
:107040004FF0000C019B5EF8040B53F804AF019362
:107050001FFA8AF3194683B2CB1A000C6344C0EBC3
:107060001A4000EB23409BB243EA004376454BF8BD
:10707000043B4FEA204CE5D8331B153B153423F075
:107080000303A64238BF0023E8184B441C1D0430FC
:107090002646A5EB0905464506EB050E0ED308F17D
:1070A0000301091B21F003010133984538BF00217A
:1070B000014451F8043D9BB1176199E756F8041B50
:1070C000E2464FEA11491CFA81FC514409EB2C4974
:1070D00089B241EA09414FEA294CCEF80010DAE7BB
:1070E000013FE6E79A9F0008AB9F000882B08DED54
:1070F000000B019A0F4B1340A3F15073002B08DCD7
:107100005B42B3F1A07F4FEA235204DA4FF400232D
:107110001341002208E0A2F114031E2BDABF4FF046
:107120000042DA40012200231946104641EC100BC0
:1071300002B070470000F07F2DE9F041066900F1D0
:10714000140808EB8606371F56F8042C1046FFF784
:1071500043FDC0F120030A280B601B4915DCC0F178
:107160000B0C22FA0CF3B84543EA010534BF56F87C
:10717000083C0023153002FA00F023FA0CF3034315
:107180001C4645EC104BBDE8F081B8453ABF56F8B7
:10719000083CA6F1080700230B3812D0C0F12001EB
:1071A00023FA01F482402243474542F07F558CBFC9
:1071B00057F8042C00228340CA4045F4401513437D
:1071C000DEE742EA0105DBE70000F03F2DE9F74387
:1071D0000F46012159EC108B1646FFF70DFC0446B3
:1071E00030B90246234B244840F20F31FEF780FCB1
:1071F000C9F30A55C9F313030DB143F48013019386
:10720000B8F1000323D068460093FFF704FD00990E
:10721000D8B1019AC0F1200302FA03F30B43C24034
:1072200063610192019BA361002B0CBF012202222A
:107230002261A5B1A5F2334505443D60C0F135009A
:107240003060204603B0BDE8F0836161EAE701A841
:10725000FFF7E1FC019B636120300122E8E704EBCA
:107260008203A0F2324038601869FFF7B5FCC0EB2A
:107270004210E5E79A9F0008AB9F00082DE9F04F08
:1072800085B0CDE9001002A9FFF756FF009803A9C9
:1072900055EC104BFFF750FF019B1969009B1B69D0
:1072A000C91ADDE902329B1A5BEC10AB03EB411308
:1072B000002BCEBF2A46C3EB03335A462F46D9468E
:1072C000CCBF02EB035702EB03594B465246204614
:1072D0003946F9F7D3FA41EC100B05B0BDE8F08F51
:1072E000013970B549111469013102F1140300EB41
:1072F000810103EB8404051FA3420CD3A31A113BA5
:1073000023F003031132944238BF002318440023B2
:10731000884205D370BD53F8046B45F8046FEBE762
:1073200040F8043BF4E700F1140200694B11984265
:1073300010B511DB0ADD11F01F0107D052F8234010
:1073400024FA01F000FA01F18C420BD102EB830325
:10735000934203D8002010BD0346F7E753F8041DFD
:107360000029F5D00120F6E770B504460D4645EC3E
:10737000104B1646FFF7BAFE51EC100B7EB1C5F369
:107380000A53C3F16B03002B09DD1B0503F17F5585
:10739000002405F5401522462B46F9F745F941EC46
:1073A000100B70BD000000002DE9F04F9DB00E469F
:1073B00015920022049018924FF000084FF0000937
:1073C00017910A782B2A0D4601F101011DD00BD827
:1073D0000D2A06D8082AF3D87AB100230B939A46CF
:1073E00083E0202AECD0F8E72D2A10D10122691C75
:1073F00017910B926A78002A37D1159B1796002BAC
:1074000040F0958542464B462AE00022EFE70021F6
:107410000B91302A40F09B806A7802F0DF02582AF4
:107420005AD102930B9B019318AB0093814A0498A5
:1074300019AB17A901F0FEF810F00F06044605D0AD
:10744000062E14D10135002317950B93159B002BA5
:1074500040F06F850B9B002BD4D0424609F10043CE
:1074600043EC102B1DB0BDE8F08F0D46D1E7189A04
:107470003AB135211AA8FFF733FF18990498FFF79E
:10748000F9FA013E042E06D8DFE806F014031E21A7
:107490001400DDE91A89E00548BF49F0004929F0E8
:1074A00000431B0D1B05002BD0D1FEF7EDFA222364
:1074B0000360CBE7DDE91A83199A23F4801302F203
:1074C000334243EA0259E6E7DFF87091E3E76FF0F1
:1074D00000494FF0FF38DEE7013517952B78302B48
:1074E000FAD0002BB2D04FF0010A00272B460E979E
:1074F000BB460A21184613F8014BA4F13002092AB1
:1075000028D94D49012200F0DAFF002834D00020AC
:10751000CDE9060022465C46652A01D0452A14D1F1
:1075200024B95AEA00033FF468AF0024179E731C85
:10753000179372782B2A73D02D2A77D04FF0000C36
:10754000A2F13003092B7FD9179600239EE04FF05C
:10755000000ACAE7BBF1080FD8BF0E9A1793DBBF2A
:1075600001FB0242303A01FB07420E92C8BFA2F172
:1075700030070BF1010BBDE7179B5A1C17925A7885
:10758000BBF1000F33D006905C46A2F13003092B0B
:1075900012D901230793BFE7179B5A1C17925A78F9
:1075A0000130302AF8D0A2F13103082B00F2C68452
:1075B0000690179D00200446303A00F1010310D0D8
:1075C00006991944069120440A23A04211D10828A3
:1075D00000F1010419DC0E990A2303FB01230E9329
:1075E0000023179A511C179152781846CDE7584638
:1075F000D7E7082C04F1010403DC0E9959430E91DE
:10760000E3E7102CD8BF5F43DFE70F28DCBF0A2376
:1076100003FB0727E4E700210123CDE9061380E7F8
:107620004FF0000CB31C1793B27889E74FF0010CB0
:10763000F8E700BFD4A1000804A000080000F07F14
:10764000179B5A1C17925A78302AF9D0A2F13103AD
:10765000082B3FF67AAF179B0593A2F1300E01334A
:1076600017931A78A2F1300109293CD905995B1AC0
:10767000082B44F61F633CDC9E457146A8BF1946A3
:107680000591BCF1000F02D0059B5B420593002CD5
:1076900050D15AEA00007FF4D9AE079B002B7FF44B
:1076A000ACAE692A29D026DC492A26D04E2A7FF49E
:1076B000A4AEA14917A801F0DFF900283FF49DAE60
:1076C000179B1B78282B2FD19C491AAA17A801F0C9
:1076D000E7F9052828D11B9BDDF8688043F0FF49B6
:1076E00049F4E009B2E60A2101FB0E22A2F1300EB4
:1076F000B5E70593C5E76E2AD9E7914917A801F0C8
:10770000BBF900283FF479AE179B8E49013B17A8BF
:10771000179301F0B1F910B9179B01331793DFF8F4
:1077200034924FF0000891E6874800F0F9FE59ECDA
:10773000108B8BE6DDE905320E989B1ABBF1000F2A
:1077400008BFA346102C0A93A246A8BF4FF0100A08
:10775000F8F7F0FE092C8046894613DC0A9B002BC3
:107760003FF474AE0A9B73DD162B5ADC774901EBAC
:10777000C301D1E9000142464B46F8F755FF804668
:10778000894663E6714B03EBCA0353E91223F8F70A
:107790004BFF804638468946F8F7CCFE02460B463A
:1077A00040464946F8F78AFD0F2C80468946D5DDCC
:1077B0000A9BA4EB0A0A9A44BAF1000F40F397809F
:1077C0002AF00F061AF00F0A51D1B6F59A7F5EDC47
:1077D0000023DFF87CA13611404649461F46012EA2
:1077E00079D10BB1804689465949A9F1547901EB09
:1077F000C70142464B46D1E90001F8F715FF554B4A
:107800000A460B4054498B42804640D8A1F580116E
:107810008B4286BFDFF844914FF0FF3802F1547974
:1078200032E00A9AC4F125039342C1DB474DC4F10B
:107830000F0405EBC40142464B46D1E90001F8F7BD
:10784000F3FE0A9B1C1B05EBC405D5E9002394E756
:107850001633ADDBDDE905239A1A3C4B03EBC2037B
:10786000D3E9002340464946F9F708F887E7374946
:1078700001EBCA0142464B46D1E90001F8F7D4FEBC
:1078800080468946002EA0D100230793A0E0002463
:1078900005940E940694049ADFF8B890222313609E
:1078A0004FF000080E9B002B3FF4D0AD18990498C0
:1078B000FFF7E0F806990498FFF7DCF8DDE904012A
:1078C000FFF7D8F80E990498FFF7D4F804982146EA
:1078D000FFF7D0F8BAE5F20704D5DAE90023F8F7A4
:1078E000A3FE0123013776100AF1080A77E7CBD00F
:1078F000CAF1000A4FEA2A161AF00F0A0DD11F2EFC
:107900002EDD002405940E940694049A22234FF051
:1079100000084FF000091360C4E70C4B03EBCA03E7
:1079200040464946D3E90023F8F7A8FF8046894638
:10793000002EA9D0E3E700BFB69E0008C0A1000852
:10794000AE9E0008219F0008669E0008F8A000086F
:10795000D0A000080000F07F0000A07CFFFFEF7FB8
:1079600016F0100318BF6A23764F07934046494626
:107970000023F20704D5D7E90023F8F755FE0123C9
:10798000761007F10807F4D10BB180468946079BB2
:10799000B3B1C9F30A52C2F16B03002B49460FDDA4
:1079A0001F2B57DD342BDEBF4FF0FF33C2F14B02EC
:1079B00093404FF00008CCBF4FF05C7903EA010917
:1079C0000022002340464946F9F796F8002898D14E
:1079D0000E9B0093049823465A462946FFF7B2F8B7
:1079E0000E9000283FF453AFDDE905239B1A0A9A55
:1079F000002AA8BF00231293002422EAE273149302
:107A000005940E9B04985968FEF7F6FF069000282F
:107A10003FF441AF0E9B1A69023203F10C01920050
:107A20000C3000F06FFD49EC108B04981AAA19A9CC
:107A3000CDE90C89FFF7CAFB189000283FF42BAF63
:107A400004980121FFF714F90590034648B9002373
:107A5000059320E74FF0FF3202FA03F303EA080828
:107A6000AEE7199D1A9A002DABBF129B149B149E72
:107A7000129FACBFEF185E1B079BED1A1544324BEB
:107A8000013D9D42C2F136024FDA5B1B1F2BA2EB78
:107A900003024FF001013CDC01FA03FA4FF0000B46
:107AA000BD18079BAF4216441E443B46A8BF2B4659
:107AB000B342A8BF3346002BC2BFED1AF61AFF1A15
:107AC000129B002B16DDDDE904011A46FFF790F941
:107AD00005900028BBD00146189A0498FFF7DEF8FD
:107AE0000F9000283FF4D7AE18990498FEF7C2FF14
:107AF0000F9B1893002D1BDC0A9B002B26DD149A8C
:107B000006990498FFF774F90690F8B900230693D4
:107B1000C1E6C5F17F4505F57F0505F57B45E235F5
:107B200001FA05FB4FF0010ABAE74FF0000BF9E745
:107B3000189904982A46FFF7B7F918900028DBD166
:107B4000A9E600BFE8A1000802FCFFFF002E07DD48
:107B5000069904983246FFF7A7F906900028D5D079
:107B6000002F08DDDDE904013A46FFF79DF9059095
:107B700000283FF490AE069A18990498FFF71EFA71
:107B8000044600283FF487AEC3680F93002305998D
:107B9000C360FFF7F7F900283CDA0F9B53EA0803AC
:107BA0005ED1C9F313034D46002B59D129F0004390
:107BB0001B0D1B05B3F1D66F52D9636913B9236945
:107BC000012B4DDD214601220498FFF76DF905993F
:107BD0000446FFF7D7F9002842DDAD4B079A2B404A
:107BE000002A5FD0B3F1D66F5CD8B3F15C7F7FF62B
:107BF0008CAEA84B404649460022F8F715FDA44B31
:107C00000B4080468946002B7FF450AE049A222315
:107C100013604BE64D4662D10F9AC9F3130342B38A
:107C20009D4A934228D1079B4146EBB1984B2B408C
:107C3000B3F1D46F4FF0FF3219D81B0DC3F16B03B2
:107C400002FA03F3994217D1944B9D4202D10131BC
:107C50003FF421AE8E4B2B4003F580194FF0000806
:107C6000079B002BC5D121E64FF0FF33EAE713460F
:107C7000E8E753EA0803B0D0BBF1000F1BD01BEAC2
:107C8000050FEDD00F9B079A40464946B3B1FFF769
:107C90006BFBDDE90C0153EC102BF8F70FFB804672
:107CA0008946DDE7A3F580136FEA13596FEA095996
:107CB0004FF0FF38D4E71AEA080FE2E7FFF754FB6A
:107CC000DDE90C0153EC102BF8F7F6FA0022002343
:107CD00080468946F8F710FF0028C1D015E60599BF
:107CE0002046FFF7CBFA57EC106B00224FF0804391
:107CF00030463946F8F714FF002870D00F9B002B50
:107D00007BD1B8F1000F56D1C9F31303002B58D122
:107D1000634B002230463946F8F7F8FE002859D167
:107D2000604B002230463946F8F77EFC82468B468F
:107D30000BF10043CDF820A00993554B544A2B403A
:107D40001393594B2A409A42DDE9086740F0B0800E
:107D5000A5F1547949EC108BFFF7C8F9DDE9082348
:107D600051EC100BF8F760FC42464B46F8F7A6FAC8
:107D7000474D4E4A0D409542804645D90D9A474B96
:107D80009A4203D10C9B01333FF485ADDFF80C918F
:107D90004FF0FF3818990498FEF76CFE0699049886
:107DA000FEF768FEDDE90401FEF764FE0498214653
:107DB000FEF760FE25E6B8F1010F02D1002D3FF479
:107DC000A4AD9FED2B7BDFF8D8B08DED087B4FF095
:107DD000000AB2E7DFF8CCB04FF0000AA8E7314B59
:107DE000002230463946F8F71FFC0F9B82468B462F
:107DF000002B9DD0CDE908AB9FE79FED1F7B8DED5C
:107E0000087B5BEC17AB98E701F15479079B002BDB
:107E1000C0D129F00043139A1B0D1B059A42B9D11A
:107E200050465946F8F748FFF8F7D0FB02460B4694
:107E300050465946F8F740FA0F9AC9F3130343EA3C
:107E40000803134306460F466BD00DA3D3E9002366
:107E5000F8F75CFE00287FF429AD0BA3D3E90023DB
:107E600030463946F8F770FE002893D01EE500BF73
:107E7000000000000000F0BF000000000000F03F24
:107E80009535A094FFFFDF3F35E5AF350000E03FBB
:107E90000000F07F00005039FFFF0F00FFFFEF7F71
:107EA0000000F03F0000E03F0000E07FFFFF9F7C0C
:107EB000079B13B3139BB3F1D46F1ED824A3D3E94C
:107EC000002350465946F8F72BFE90B159465046CC
:107ED000F8F782FE012838BF0120F8F72BFB0F9B33
:107EE00082468B46D3B901F1004310901193DDE92E
:107EF0001067139A07F1D6639F1A9DED0C0BFFF7DD
:107F0000F5F8304653EC102B3946F8F78DFBDDE9D8
:107F10000C23F8F7D3F98046894677E7CDE910AB13
:107F2000E5E70DA3D3E90023F8F7F0FD9CE7002374
:107F30000B93159A179B1360FFF78CBA652A3FF4D1
:107F40006AAB452A3FF467AB01230793FFF7A1BB58
:107F50000000C0FFFFFFDF419535A094FFFFCF3F3A
:107F6000014BFFF721BA00BF64010020242B2DE94B
:107F7000F0478646904601D8012B06D1FDF784FDD7
:107F8000162303600020BDE8F08734480D462A46DA
:107F900015F8014B065D16F00806F8D12D2C10D10E
:107FA0002C780126951C33F0100215D1302C0DD100
:107FB0002A7802F0DF02582A08D16C7802351023A3
:107FC0000AE02B2C04BF2C78951CECE7002BF6D193
:107FD000302C14BF0A23082306F1004C0CF1FF3C9F
:107FE0000022BCFBF3F9104603FB19CAA4F13007C9
:107FF000092F0FD83C46A3421BDD571C07D08145F3
:1080000014D301D1A24511DB00FB0340012215F876
:10801000014BEBE7A4F14107192F01D8373CEAE700
:10802000A4F16107192F04D8573CE4E74FF0FF3261
:10803000EDE7531C08D12223CEF800306046B8F19A
:10804000000FA0D0691E06E006B14042B8F1000F53
:1080500099D0002AF6D1C8F8001094E711A20008C0
:10806000FFF784BF2DE9F0478E681F46BE42824667
:108070000C469046334653D8B1F90C0010F4906F7B
:108080002BD065692368096905EB4505A3EB010958
:1080900005EBD5757B1C6D104B44AB422A4684BF63
:1080A0001D462A46430527D511465046FEF718FCC3
:1080B000064658B321694A4600F024FAA38923F4FE
:1080C000906343F08003A381266165614E44A5EB74
:1080D00009052660A5603E463B461F4620683A4695
:1080E000414600F0D3F9A3689B1BA36023683B447F
:1080F00023600020BDE8F087504600F080FD064672
:108100000028E1D121695046FEF776FB0C23CAF81E
:108110000030A38943F04003A3814FF0FF30E9E72B
:108120003E46DBE72DE9F0471F468B891B069CB0D6
:1081300006460D46144610D50B6973B94021FEF76B
:10814000CFFB2860286130B90C2333604FF0FF303B
:108150001CB0BDE8F08740236B6100230993202306
:108160008DF8293003973023654F8DF82A304FF072
:1081700001082346994613F8012B0AB1252AF9D1A3
:10818000B9EB040A0BD05346224629463046FFF786
:1081900069FF013000F0A480099A5244099299F8CD
:1081A0000030002B00F09C8000234FF0FF32CDE91F
:1081B000052309F10109049307938DF853301A93AD
:1081C0004C464F4814F8011B0522F8F719F8049B98
:1081D000D0B9D80644BF20228DF85320190744BFD8
:1081E0002B228DF8532099F800202A2A13D0079AC1
:1081F0004C4600204FF00A0C214611F8013B303B61
:10820000092B49D968B913E0C01B08FA00F01843DC
:108210000490A146D4E7039A111D12680391002A25
:1082200001DB079204E0524243F0020307920493F9
:1082300023782E2B0AD163782A2B32D1039B1A1D67
:108240001B68039243EAE37302340593DFF8C0909E
:10825000217803224846F7F7D3FF38B1049BA0EBFF
:1082600009004022824013430134049314F8011B97
:1082700024488DF828100622F7F7C2FF002835D0D1
:10828000214818BB039B073323F0070308330393EC
:10829000099B034409936CE70CFB02320C46012056
:1082A000AAE700230134059319464FF00A0C204633
:1082B00010F8012B303A092A03D9002BC6D00591BA
:1082C000C4E70CFB012104460123F0E703AB009354
:1082D0002A460E4B04A93046FCF772FC421CD7D14B
:1082E000AB895B063FF532AF099831E703AB0093EA
:1082F0002A46064B04A93046FCF7F8FEEEE700BF1D
:1083000006A0000810A00008C14B00086580000806
:108310000CA00008B1F90C202DE9F0411607054624
:108320000C4651D44B68002B02DC0B6C002B49DD52
:10833000E66A002E46D0002312F480522F682B608C
:1083400031D0626DA389590705D56368D21A636B72
:108350000BB1236CD21A0023E66A216A2846B04783
:10836000421CB4F90C3006D129681D2946D8294A87
:10837000CA40D60742D500226260D9042269226031
:1083800004D5421C01D12B6803B96065616B2F6075
:10839000C1B104F14403994202D02846FEF72CFAF9
:1083A000002363630EE0216A01232846B04702469A
:1083B000501CC7D12B68002BC4D01D2B01D0162B0D
:1083C0001AD12F6000201EE00F69002FFAD093070A
:1083D0000E6808BF4B690F6018BF0023A6EB0708A3
:1083E0008B60B8F1000FEDDD216AA66A43463A467C
:1083F0002846B047002808DCB4F90C3043F04003AD
:10840000A3814FF0FF30BDE8F0810744A8EB0008DE
:10841000E7E700BF0100402038B50B6905460C4670
:1084200013B90025284638BD18B1036A0BB9FDF70A
:108430001DFAB4F90C30002BF3D0626ED00704D4CF
:10844000990502D4A06DFDF74AFB28462146FFF7A7
:1084500061FF636EDA070546E4D4A3899B05E1D486
:10846000A06DFDF73DFBDDE70EB403B5014603ABA0
:10847000054853F8042B0068019300F025FC02B076
:108480005DF804EB03B0704714010020884210B57A
:1084900001EB020402D98442234607D8431EA142BD
:1084A00007D011F8012B03F8012FF8E702448242AC
:1084B00000D110BD13F8011D02F8011DF7E710B53A
:1084C0006AB10139841810F8012B11F8013F9A4262
:1084D00003D1A04201D0002AF5D1D01A10BD104618
:1084E000FCE7000038B5064D0023044608462B6023
:1084F000F8F7E6FD431C02D12B6803B1236038BDB9
:10850000342000200A44914200F1FF3300D170472B
:1085100010B511F8014B03F8014F9142F9D110BD8C
:108520009FED010B704700BF000000000000F87FC6
:1085300008B5062000F096FD0120F8F793FD70B510
:10854000A1FB025434B92946FEF7CAF9064628B9F8
:10855000304670BD0C2202600026F9E72A4621460B
:10856000FDF740FAF4E70369B3EB611F2DE9F0432F
:108570004FEA611200F1140445DD11F01F0104EB14
:10858000830604EB82050CD100F110072946B142A5
:1085900034D39B1A9B00EA1E964238BF0023234423
:1085A00015E054F82270C1F12008CF4005F1040E07
:1085B000A1467645F44615D89A1A9200043A013538
:1085C000AE4238BF0022A318A75007B104331A1BCC
:1085D000A3424FEAA20208BF0023026108BF436121
:1085E000BDE8F083DCF800C00CFA08FC4CEA070791
:1085F00049F8047B5EF8047BCF40DAE751F804CBFE
:1086000047F804CFC3E72346E1E7A0F13003092B85
:1086100002D82038C0B27047A0F16103052B01D801
:108620004738F7E7A0F14103052B01D82738F1E7D8
:10863000002070472DE9F04F85B08A4602930B6801
:10864000019090469C1CA14614F8010B3028FAD0EA
:10865000A9EB0303A3F1020BFFF7D7FF05460028A0
:1086600068D1A04901224846FFF729FF07460028A4
:1086700067D199F801002646FFF7C7FF002862D0AE
:10868000234618783028994603F10103F9D0FFF703
:10869000BCFFB0FA80F56D094FF0010B4A46164653
:1086A00001323078FFF7B1FF0028F8D18D4901225F
:1086B0003046FFF704FF00283FD144B9741C22461E
:1086C000164601323078FFF7A0FF0028F8D1A41B2E
:1086D000A700337803F0DF03502B3ED173782B2BA8
:1086E00033D02D2B34D0711C00240878FFF78DFF78
:1086F000431EDBB2182B30D8A0F1100211F8010F85
:10870000FFF783FF00F1FF3C5FFA8CFCBCF1180F10
:108710004FF00A031ED904B152421744CAF80010A0
:10872000EDB1BBF1000F0CBF06250025284605B0B2
:10873000BDE8F08F00252C46B0E7002CC7D12746B6
:10874000C7E74E462F460125C3E70024B11CCCE7FE
:108750000124FBE703FB0200CEE73146DEE7A6EB90
:108760000903013B2946072B0ADC0198FEF744F96F
:10877000044640B95C4B0246E4215C48FDF7B8F979
:1087800001315B10EFE700F1140A002355469B46C8
:10879000B14537D345F804BBA5EB0A05AD102561FB
:1087A0005846FEF719FA6D01D8F800602D1AB54247
:1087B00054DDAD1B29462046FEF7B5FD814678B154
:1087C0006B1E591103F01F025AF821104FF00109D6
:1087D00009FA02F20A4203D04B4536DC4FF0020997
:1087E00029462046FFF7BFFE2F44D8F80830BB4289
:1087F00042DA01982146FEF73DF90E9A00231360F4
:10880000A32593E716F8012D2E2A12D0202B04D190
:1088100045F804BB4FF0000B5B4630780393FFF73D
:10882000F4FE039B00F00F0098404BEA000B04336A
:10883000AEE7B145EAD82B49039301223046FFF752
:108840003EFE039B0028E1D1A2E7A91E2046FEF7C9
:108850006AFD0028C2D04FF00309C1E709DA751B91
:10886000214601982A46FEF71FFB7F1B044600F1B4
:10887000140A4FF00009B8E7D8F80450BD426FDD84
:10888000ED1BAE4234DCD8F80C30022B22D0032B87
:1088900024D0012B15D1AE4213D1012E0BD1029A57
:1088A000D8F80430136001232361CAF800300E9B0E
:1088B00062251C603AE7711E2046FEF734FD002851
:1088C000EDD101982146FEF7D5F80E9A00231360EA
:1088D00050252BE70F9B002BF3D1E0E70F9B002BDC
:1088E000DDD1EEE704A000089A9F00081FA0000851
:1088F0006F1EB9F1000F30D127B139462046FEF77F
:1089000012FD81467A1101235AF8222007F01F0731
:10891000BB4013422946204618BF49F00209FFF721
:1089200022FED8F80470761B0225B9F1000F47D05B
:10893000D8F80C30022B15D0032B17D0012B09D1FE
:1089400019F0020F06D0DAF8003049EA030919F0ED
:10895000010F0ED145F0100532E04FF00109D1E7CB
:108960000125E2E70F9BC3F101030F930F9B002B3F
:10897000F0D0D4F810B004F114034FEA8B0A03EBE3
:108980008B014FF0000C184653F8042BB2F1FF3F57
:108990001BD001320260022D04F114033CD1D8F83F
:1089A0000020013AB24209D17111012253F821305D
:1089B00006F01F0602FA06F61E423AD145F02005DF
:1089C0000E9B1C60029B1F60B0E6994243F804CCEA
:1089D000D9D8A3689B4517DB616801980131FEF780
:1089E0000BF8814618B91A4B02468421C5E6226964
:1089F000023204F10C0192000C30FFF783FD214696
:108A00000198FEF737F84C4623695A1C04EB8303A0
:108A1000226101225A61BEE722695A450BDD01211C
:108A20002046FFF7A0FDD8F808300137BB42FFF61B
:108A3000E0AE0125C2E716F01F06FAD05344C6F196
:108A4000200653F8040CFEF7C7F8B042E7DBF0E766
:108A50009A9F0008C2F10802920070B5C2F1200688
:108A60004368046803FA06F52C43D340046040F8D9
:108A7000043F8842F4D370BD30B50368013311F868
:108A8000014B14B90360012030BD13F8012BA2F192
:108A90004105192D98BF2032A242F0D00020F3E703
:108AA0002DE9F04F0B6801685E1102EB860613F0AA
:108AB0001F0387B018BF04360025371F8246904633
:108AC000019346F8045CB9463C460295AB464A78A9
:108AD0004B1C039342B3104605910492FFF795FD9A
:108AE000002853D1049A0599202A18D8029B9B4547
:108AF00013DD4C4506D2072D04DC2A4649462046A4
:108B0000FFF7A8FF444554D90023A4F1040944F811
:108B1000043CCDF808B04C461D460399D7E7292AF6
:108B200059D10231CAF80010BBF1000F53D04C45A7
:108B300006D2072D04DC2A4649462046FFF78AFF65
:108B4000444538D9A8F10402234653F8041B42F8DF
:108B5000041F9F42F9D23B1B23F003030134033E61
:108B6000B44288BF002308F10402134400211A46CE
:108B700004339F421160FAD23B681BB9474528D1A4
:108B800001233B60052007B0BDE8F08F0135082DBB
:108B90000BF1010B06DD4445BFD9002344F8043C2A
:108BA0000125043C226800F00F0040EA021020601A
:108BB000B3E70825B1E7019B002BDDD0C3F120030B
:108BC0004FF0FF32DA4056F8043C134046F8043CBC
:108BD000D2E7043FD0E70420D5E782B001B901A96C
:108BE00042B14BB113780B601278101E18BF0120F0
:108BF00002B070471046FBE76FF00100F8E72DE97F
:108C0000F041074614460D4621B9BDE8F041114632
:108C1000FDF766BE2AB9FDF7EFFD25462846BDE8FB
:108C2000F08100F03BFA8442064602D8B4EB500FC4
:108C3000F4D821463846FDF753FE804608B945462C
:108C4000ECE7B4422246294628BF3246FFF75AFCD9
:108C500029463846FDF7D0FDF1E70346084641B105
:108C6000FF2A04D98A221A604FF0FF3070470A7039
:108C7000012070479368013B002B10B4936008DA21
:108C80009469A34201DB0A2903D15DF8044B00F08B
:108C90002FB91368581C1060197008465DF8044B12
:108CA0007047F8B506460F461446D518AC4201D1B8
:108CB000002007E014F8011B3A463046FFF7DAFFC0
:108CC000431CF3D1F8BD00002DE9F0470D469CB0E0
:108CD00014461F46064618B1036A0BB9FCF7C6FDD9
:108CE0006B6ED90705D4AB899A0502D4A86DFCF741
:108CF000F6FEAB891B0701D52B699BB92946304687
:108D000000F034F970B16B6EDC0704D54FF0FF3022
:108D10001CB0BDE8F087AB899805F7D4A86DFCF7C7
:108D2000DFFEF3E70023099320238DF82930039712
:108D300030236A4F8DF82A304FF0010823469946B8
:108D400013F8012B0AB1252AF9D1B9EB040A0BD08B
:108D50005346224629463046FFF7A3FF013000F074
:108D6000A480099A5244099299F80030002B00F02F
:108D70009C8000234FF0FF32CDE9052309F1010962
:108D8000049307938DF853301A934C46534814F8C4
:108D9000011B0522F7F734FA049BD0B9D90644BF6A
:108DA00020228DF853201A0744BF2B228DF8532020
:108DB00099F800202A2A13D0079A4C4600204FF039
:108DC0000A0C214611F8013B303B092B49D968B9FF
:108DD00013E0C01B08FA00F018430490A146D4E742
:108DE000039A111D12680391002A01DB079204E027
:108DF000524243F002030792049323782E2B0AD1A8
:108E000063782A2B32D1039B1A1D1B68039243EA15
:108E1000E37302340593DFF8D490217803224846A7
:108E2000F7F7EEF938B1049BA0EB0900402282402D
:108E300013430134049314F8011B29488DF82810BA
:108E40000622F7F7DDF900283ED0264818BB039B21
:108E5000073323F0070308330393099B0344099363
:108E60006CE70CFB02320C460120AAE70023013418
:108E7000059319464FF00A0C204610F8012B303AA2
:108E8000092A03D9002BC6D00591C4E70CFB0121A8
:108E900004460123F0E703AB00932A46124B04A9D2
:108EA0003046FBF78DFE431CD7D16B6ED90705D436
:108EB000AB899A0502D4A86DFCF712FEAB895B065C
:108EC0003FF524AF099823E703AB00932A46064BEE
:108ED00004A93046FCF70AF9E5E700BF06A0000840
:108EE00010A00008C14B0008A38C00080CA00008CB
:108EF000F8B50E461446054618B1036A0BB9FCF7DF
:108F0000B5FCA369A360A3891A0701D5236943B9F6
:108F10002146284600F02AF818B14FF0FF373846AE
:108F2000F8BD23682269981A6369F6B2834237460E
:108F300005DC21462846FFF76FFA0028EDD1A3682B
:108F4000013BA36023685A1C22601E706269431CA7
:108F50009A4204D0A389DB07E1D50A2EDFD121464E
:108F60002846FFF759FA0028D9D0D6E738B5284B5C
:108F7000054618680C4618B1036A0BB9FCF776FC75
:108F8000B4F90C301A0721D4D80607D409222A6074
:108F900043F04003A3814FF0FF3030E0590712D572
:108FA000616B41B104F14403994202D02846FDF7B8
:108FB00023FC002363630022B4F90C306260226951
:108FC000226023F0240343F00803A38122693AB905
:108FD0009A0501D5180603D52146284600F08AF8DF
:108FE000B4F90C3013F001020AD00022A2606269C9
:108FF0005242A261226942B913F08000C8D138BD43
:10900000990758BF6269A260F4E70020F7E700BF44
:10901000140100201F2938B505460C4604D9162333
:1090200003604FF0FF3038BDC26B12B152F82130EF
:109030004BB9284600F030F8224601462846BDE8E4
:10904000384000F017B8012B0AD0591C03D1162361
:1090500003600120E7E7002142F8241020469847EA
:109060000020E0E7024B01461868FFF7D3BF00BFBE
:109070001401002038B5074D002304460846114668
:109080002B60F7F7E7FF431C02D12B6803B1236085
:1090900038BD00BF34200020F7F7DABF51F8043C98
:1090A000181F002BBCBF0B58C018704770B50C467A
:1090B000B1F90E10002996B015461E460ADAA189AC
:1090C00011F0800113D14FF48062002031602A60DA
:1090D00016B070BD6A4600F047F80028EFDB019932
:1090E00001F47041A1F5005359425941EBE70021C9
:1090F0004022EAE78B8973B59E0705460C4607D5E3
:1091000004F14703236023610123636102B070BD52
:1091100001AB6A46FFF7CAFF009E28463146FDF7BD
:10912000DFFBB4F90C3038B99A05EFD423F0030310
:1091300043F00203A381E3E743F08003A381019B93
:109140002060C4E90406002BE0D0B4F90E102846D4
:1091500000F01CF80028D9D0A38923F0030343F0C2
:109160000103A381D2E7000038B5074D0023044670
:10917000084611462B60F7F79AFF431C02D12B6873
:1091800003B1236038BD00BF3420002038B5064D40
:109190000023044608462B60F7F78EFF431C02D1DC
:1091A0002B6803B1236038BD3420002010EE103A44
:1091B000194923F000428A421AD9B2F1FF4F02D373
:1091C00030EE400A704700B583B0684600F0F2F810
:1091D00000F0030001289DED000ADDED010A12D028
:1091E00002280AD090B9012000F09CF803B000BD1D
:1091F000DFED0A0A002000F095B8012000F092F897
:10920000B1EE400AF2E700F00BF8EFE700F008F8E3
:10921000B1EE400AEAE700BFD80F493F0000000066
:1092200010EE103A23F00043B3F1485F2CD2FDEE6C
:10923000C07A17EE903A002B60D060EE007A9FED76
:10924000317A9FED315ADFED315A9FED316ADFED12
:10925000316AA7EE875A9FED307AE7EE855AA7EE7E
:10926000A56AA7EE867AE7EE876A67EEA66A60EEE1
:10927000C00AB6EE007AE7EEA60AB7EE000AD7EE0D
:10928000870A30EE600A704760EE007A9FED1D7A23
:109290009FED1D5ADFED1D5A9FED1D6ADFED1D6A22
:1092A0001E4AA7EE875A93429FED1B7AE5EE275A96
:1092B000A5EEA76AA6EE277AE7EE276A66EEA76A0A
:1092C000D5D9174A934214D803F17F4307EE103AD9
:1092D000B7EE006A36EE476A60EEC00AF6EE005A54
:1092E00097EEA57AE7EEA60A37EE607A36EE470AE1
:1092F0007047B6EE076AB5EE027AEDE7B7EE000A00
:10930000704700BF4ED747ADF6740F317CF293B46F
:10931000010DD037ABAA2A3D610BB6BA9999993E97
:109320000000483F10EE103A23F00043B3F1485FCD
:1093300004D2FDEEC07A17EE903A5BB360EE007A8D
:109340009FED157ADFED155A9FED156ADFED156A71
:10935000E7EE875A9FED147AA5EEA76A20EE275A0A
:10936000E6EE276AA6EEA77A30B9DFED106AE7EEDF
:10937000876AA6EE850A704727EE457AF6EE006A00
:10938000A0EEA67ADFED0A6AD7EE270AE5EE260AF6
:1093900030EE600A704700BFD3C92E2F342FD7B2EA
:1093A0001BEF3836010D50B98988083CABAA2ABE9C
:1093B000ABAA2A3E70B510EE103A8B4A23F0004457
:1093C000944286B0054671D9884A94421E4624D8F4
:1093D00023F00042002BDFED867A864922F00F024F
:1093E000B0EE407A40F3E6808A4270EE677A09BFB9
:1093F0009FED817ADFED816ADFED816A77EEC77AD2
:1094000037EEE67A77EEC77A80ED007A77EEE67A85
:10941000C0ED017A012006B070BD7A4A944253D95A
:10942000B4F1FF4F49D2E215863AA4EBC25307EEDE
:10943000903ABDEEE77ADFED746AB8EEC77A77EE60
:10944000C77A8DED037A67EEA67ABDEEE77AB8EEBD
:10945000C77A77EEC77A8DED047A67EEA67AF5EED5
:10946000407AF1EE10FACDED057A40F08E80B5EE3F
:10947000407AF1EE10FA40F08A80012363490191AD
:109480000221009103A8294600F0D2F8002EC2DA8A
:1094900095ED007AD5ED017AB1EE477AF1EE677A73
:1094A00085ED007AC5ED017A4042B4E7002285EDF2
:1094B000000A4260002006B070BD70EE407AC0ED38
:1094C000017AC0ED007AF5E700F0AAF89FED507A36
:1094D0009FED476AF6EE007AE0EE077A9FED477A55
:1094E000FDEEE77AF8EEE76A17EE900AA6EEC60AF6
:1094F0001F2866EE877AB1EE666A30EE677A1EDC68
:10950000444A411E26F0004352F8212023F0FF0375
:10951000934214D085ED007A30EE470A002E30EEEB
:10952000670A85ED010ABFF676AFB1EE477AB1EE74
:10953000400A85ED007A85ED010A40426BE717EE9F
:10954000103AC3F3C753C3EBD453082B4FEAE4528A
:10955000E0DD9FED297A9FED2A5AF0EE405AE6EEC3
:10956000075A70EE657AE6EE077AD6EE857A35EE22
:10957000E77A17EE103AC3F3C753D21A192A08DC58
:10958000B0EE650A85ED007AC6E7032376E702238D
:1095900074E79FED217A9FED215AB0EE650AA6EEA1
:1095A000070A75EEC07AE6EE077AD6EE857A30EED7
:1095B000677AAFE78A4270EE277A09BF9FED0E7A8D
:1095C000DFED0E6ADFED0E6A77EE877A37EEA67A68
:1095D00077EEC77A80ED007A77EEA67AC0ED017A51
:1095E0004FF0FF3017E700BFD80F493FE3CB1640DD
:1095F000800FC93FD00FC93F00443537434435374A
:1096000008A3852E800F49430000804394A30008DF
:1096100084F9223F14A3000800A3852E32318D2443
:1096200010EE103A23F0004300EE103A704700BFEE
:109630002DE9F04F2DED048BDBB01C4694460393CF
:109640000A46BA4B68991CF1040F53F82170824600
:1096500004F1FF39C0F25682BCF1030348BF0CF19C
:109660000403DB10029301334FEAC30EACEB0E038D
:109670000593029B17EB0900A3EB090316D40130F5
:109680009FEDAB7A699C18441EA9002BA4BF54F827
:10969000235007EE905A03F10103ACBFF8EEE77ACE
:1096A000F0EE477A8342E1EC017AEED1002FC0F26E
:1096B000E28203991EA800EB81004FEA81087E1820
:1096C000002346AD4C460AEB8101B9F1000F80F250
:1096D000C8800134B44245F8043B00F10400F4D1E1
:1096E0000DF1280B0BEB8703CDE9062E043B9FED14
:1096F000929ADFED908A059804930AEB080446AE2F
:109700000BEB87080097CDF820C00DEB8703002FE7
:1097100093ED460A4FEA870515DD73195A4660EE48
:10972000097AB0EE407AFDEEE77A73ED016AF8EE61
:10973000E77AB342A7EEE87A37EEA60ABDEEC77A1B
:10974000A2EC017AEBD1019000F0B8FAF4EE007AC5
:10975000B0EE408A20EE270A00F01EFBF2EE007AFF
:10976000A0EE678A01980028FDEEC89AF8EEE97A23
:1097700038EE678A40F38280791EC0F108035BF8F7
:1097800021E04EFA03FC0CFA03F3AEEB030EC0F13A
:10979000070219EE903A4EFA02F26344002A09EEEB
:1097A000903A4BF821E000F3AF80B5EE408AF1EE3D
:1097B00010FA74D1009B9F420ADD5D44002355F8E6
:1097C000041D454543EA0103F9D1002B40F0028115
:1097D000009B013B5BF823207B1C9C46002A40F049
:1097E000F780049A012152F8045D0131002DFAD06E
:1097F0003944029D039A05EB030E0EF1804E699DDC
:109800000EF1FF3E3A4405EB8E0E1EAD06EB8307CC
:1098100005EB8205DEED017AF8EEE77AB9F1000F8B
:109820000EF1040EE5EC017ADFED417A09DB2A4600
:109830005346F3EC016A32ED017AA342E6EE877AF1
:10984000F7D10CF1010C8C45E7EC017AE2DD0F4613
:109850005BE70134B442E5EC017A00F104003FF427
:109860003FAFDFED337A83465346F3EC016A3BEDBD
:10987000017A8B42E6EE877AF7D1EAE700F0918031
:10988000F6EE007AB4EEE78AF1EE10FA80F2298162
:10989000B5EE408AF1EE10FA4FF000028AD09246FF
:1098A000DDE9062EDDF820C00197AEEB0C00B0EE2E
:1098B000480A009F009200F001FADFED1E6AB4EE44
:1098C000E60AF1EE10FADDE90023F0EE407AC0F28C
:1098D0009C819FED197A059920EE077A0831BDEE3B
:1098E000C77A0591B8EEC77A5C1CE7EE667ABDEEE2
:1098F000C77AFDEEE77A17EE901A4BF8231017EEB1
:10990000103A4BF824307EE00133002F09EE903AF4
:1099100040F39D8159464FF0000E51F8043B002B57
:1099200039D0C3F5807341F8043C0CE0D8A6000898
:1099300000000000000080430000803B0B68C3F182
:10994000FF0341F8043B0EF1010E7745F6DC0123DD
:109950009E4600280BDD012800F0BB80022806D1BE
:10996000791E5BF8213003F03F0C4BF821C0022A2E
:109970007FF41BAFB7EE000A734630EE488A002B27
:109980003FF413AF0992019000F098F90198099AF9
:1099900038EE408A09E70EF1010E7745BDDC9E46A0
:1099A000D7E77B1E5BF82320D211002A7FF7FDAE9C
:1099B00019EE903A002F03F1010309EE903AA9DC69
:1099C000022A7FF4F2AEF7EE007A37EEC88AECE6B0
:1099D00019460EE73B469246DDE905125C1EA1F1F1
:1099E00008005BF82410009F059061B903F18043E3
:1099F000013B0BEB8303014653F8040D013C08398E
:109A00000028F9D0059105980092B7EE000A00F001
:109A100055F9002C009AB0EE407AC0F22281601C09
:109A200046AD5FED3B6A81000BEB800305EB8000E8
:109A300073ED017AF8EEE77A5B4567EE877A27EEF9
:109A4000267A60ED017AF3D10DF1C8080E1F2E447D
:109A5000C646A4460025002F7DDBDFF85C92DFEDD3
:109A6000957A3046002307E0F9EC016AB0EC017A00
:109A70009F42E6EE877A03DB9D4203F10103F3DAAE
:109A80000CF1FF3CBCF1FF3FEEEC017A05F1010562
:109A9000A6F10406E1D1689B022B6ADC002B36DCC0
:109AA0000ED1DFED847A414431ED017A884577EEBD
:109AB000877AF9D15346002B40F0C680C2ED007A78
:109AC00019EE903A03F007005BB0BDEC048BBDE8E3
:109AD000F08F791E5BF8213003F07F0C4BF821C02A
:109AE00045E719EE903A002F03F1010309EE903A91
:109AF000C8BF02223FF70EAFF7EE007A37EEC88AF2
:109B0000022252E600234FF0080E0293AEE5DDED8F
:109B1000327A9FED687A414471ED016A884537EEEB
:109B2000267AF9D15346002B40F0848077EEC77A2D
:109B300082ED007A64B133A90123B1EC017A0133DB
:109B40009C4277EE877AF8DA53460BB1F1EE677AEA
:109B5000C2ED017AB4E70CF1FF3C0023BCF1FF3FFA
:109B60004EF8043B05F10105A6F104067FF473AF3E
:109B700091E7689B032BA3D1002C00F08C8008EBAD
:109B8000840595ED007AA0002B46294671ED017AF7
:109B9000F0EE476A37EE277A884577EEC77A81ED8F
:109BA000007A77EEA67AC1ED017AEFD1012C72D05E
:109BB00095ED007A08F1040173ED017AF0EE476A41
:109BC00037EE277A994277EEC77A83ED007A77EEFF
:109BD000A67AC3ED017AEFD1031DDFED367A434457
:109BE00008F1080833ED017A984577EE877AF9D1C4
:109BF0005346DDED326A9DED337A73B9C2ED006AEA
:109C000082ED017AC2ED027A5AE7FDEEC07A1C4677
:109C100017EE901A4BF82310F5E6F1EE666AB1EEF6
:109C2000477AF1EE677AC2ED006A82ED017AC2ED01
:109C3000027A45E7F1EE476A77EEC77AC2ED006A2D
:109C4000002C7FF478AF81E7F1EE677A36E70128E0
:109C500015D002287FF4B4AE0EF03F034BF821304C
:109C6000AEE6689B022B12DC002B17DC7FF428AFDA
:109C7000DFED107A1EE7039B4FEA830830E50EF014
:109C80007F03022A4BF821307FF48FAD9BE6689B5F
:109C9000032B7FF415AFDFED077AA9E75346DDED1F
:109CA000327A1BB14FF0004313604FE7002313607B
:109CB0004EE700BF00000000ACA6000810EE103A0E
:109CC00033F000411A4625D0B1F1FF4F1FD213F0F7
:109CD000FF4F20D1DFED297A294A60EE277A9042A2
:109CE00017EE903A31DB4CF2503CC3F3C75160455C
:109CF0001A46A1F1190114DD002BDFED227A9FED48
:109D0000210AB8BFDFED207A27EE800A704730EED7
:109D1000000A704770474CF2503C60454FEAD15101
:109D2000EADC0144FE29E7DC002915DC11F1160FFD
:109D300019DB193122F0FF4242EAC15207EE902AA4
:109D40009FED120A27EE800A7047DFED117A07EEC9
:109D5000103A27EE270A704722F0FF4242EAC15329
:109D600000EE103A7047002BDFED097A9FED080AEC
:109D7000B8BFDFED087A27EE800A70470000004C7C
:109D8000B03CFFFFCAF24971CAF249F1000000334A
:109D90006042A20D6042A28D10EE102AC2F3C7539A
:109DA0007F3B162B22F000411BDC002B10461EDBF4
:109DB0001A4919410A4223D0DFED197A70EE277A49
:109DC000F5EEC07AF1EE10FA1ADD002A04DA4FF44B
:109DD000000242FA03F3184420EA010300EE103AAD
:109DE0007047B1F1FF4F0BD330EE000A7047DFED43
:109DF0000C7A70EE277AF5EEC07AF1EE10FA00DCFC
:109E00007047002A02DB9FED070A704711B99FEDEA
:109E1000060A7047BFEE000AF2E700BFFFFF7F00AF
:109E2000CAF249710000000000000080F8B500BFD0
:109E3000F8BC08BC9E467047F8B500BFF8BC08BC2B
:049E40009E46704783
:109E4800252E32662C252E32662C252E32662C25A0
:109E58002E32662C252E32662C252E32660A0053A9
:109E6800544D6963726F656C656374726F6E696374
:109E7800730053544D3332205669727475616C20E7
:109E8800436F6D506F72740043444320436F6E6696
:109E980069670043444320496E746572666163656F
:109EA80000494E4600696E66004E414E006E616E76
:109EB8000030003031323334353637383941424397
:109EC80044454600303132333435363738396162EB
:109ED800636465660065256C64002C2066756E6396
:109EE80074696F6E3A2000617373657274696F6E7E
:109EF8002022257322206661696C65643A206669B0
:109F08006C6520222573222C206C696E65202564DF
:109F1800257325730A00496E66696E697479004E67
:109F2800614E005245454E54206D616C6C6F632044
:109F3800737563636565646564002F6275696C6435
:109F48002F676E752D746F6F6C732D666F722D731E
:109F5800746D33325F31342E332E72656C312E328C
:109F6800303235313032372D303730302F7372631D
:109F78002F6E65776C69622F6E65776C69622F6CDE
:109F88006962632F7374646C69622F64746F612EE5
:109F9800630042616C6C6F6320737563636565640D
:109FA8006564002F6275696C642F676E752D746F18
:109FB8006F6C732D666F722D73746D33325F31342D
:109FC8002E332E72656C312E3230323531303237C5
:109FD8002D303730302F7372632F6E65776C69625E
:109FE8002F6E65776C69622F6C6962632F73746476
:109FF8006C69622F6D707265632E63002E00232DCD
:10A00800302B2000686C4C00656667454647004366
:10A0180000504F534958002F6275696C642F676E62
:10A02800752D746F6F6C732D666F722D73746D332D
:10A03800325F31342E332E72656C312E3230323528
:10A04800313032372D303730302F7372632F6E65D1
:10A05800776C69622F6E65776C69622F6C696263D1
:10A068002F7374646C69622F6764746F612D676500
:10A07800746865782E630000A0860100400D030017
:10A08800801A060000350C0040420F0080841E0034
:10A0980000093D0000127A000024F40000366E0129
:10A0A8000048E801006CDC0200000000000000002D
:10A0B8000102030406070809050000001900000052
:10A0C8007D000000000000000080E03779C34143B4
:10A0D800176E05B5B5B89346F5F93FE9034F384D06
:10A0E800321D30F94877825A3CBF737FDD4F1575B2
:10A0F800000000000000F03F0000000000002440C5
:10A1080000000000000059400000000000408F409F
:10A11800000000000088C34000000000006AF8400A
:10A128000000000080842E4100000000D01263412E
:10A138000000000084D797410000000065CDCD41A4
:10A14800000000205FA00242000000E87648374285
:10A15800000000A2941A6D42000040E59C30A24223
:10A168000000901EC4BCD64200003426F56B0C4398
:10A178000080E03779C3414300A0D885573476433F
:10A1880000C84E676DC1AB43003D9160E458E143A0
:10A19800408CB5781DAF154450EFE2D6E41A4B4415
:10A1A80092D54D06CFF08044F64AE1C7022DB5445A
:10A1B800B49DD9794378EA4434000000CEFBFFFF10
:10A1C800CB03000001000000000000003500000083
:10A1D800CEFBFFFFCB0300000100000000000000E1
:10A1E800BC89D897B2D29C3C33A7A8D523F6493965
:10A1F8003DA7F444FD0FA5329D978CCF08BA5B2587
:10A20800436FAC64280668110020202020202020FD
:10A21800202028282828282020202020202020200E
:10A22800202020202020202020881010101010101E
:10A23800101010101010101010040404040404046A
:10A248000404041010101010101041414141414104
:10A2580001010101010101010101010101010101E6
:10A2680001010101101010101010424242424242F6
:10A2780002020202020202020202020202020202B6
:10A28800020202021010101020000000000000005E
:10A2980000000000000000000000000000000000B6
:10A2A80000000000000000000000000000000000A6
:10A2B8000000000000000000000000000000000096
:10A2C8000000000000000000000000000000000086
:10A2D8000000000000000000000000000000000076
:10A2E8000000000000000000000000000000000066
:10A2F8000000000000000000000000000000000056
:10A30800000000000000000000000000000FC93F2E
:10A31800000F494000CB9640000FC9400053FB4056
:10A3280000CB164100ED2F41000F49410031624139
:10A3380000537B41003A8A4100CB9641005CA3411F
:10A3480000EDAF41007EBC41000FC94100A0D541DE
:10A358000031E24100C2EE410053FB4100F20342EA
:10A36800003A0A420083104200CB164200141D42F4
:10A37800005C234200A5294200ED2F4200363642F8
:10A38800007E3C4200C74242000F4942A200000042
:10A39800F9000000830000006E0000004E0000007D
:10A3A800440000001500000029000000FC00000027
:10A3B8002700000057000000D1000000F500000051
:10A3C80034000000DD000000C0000000DB000000D9
:10A3D8006200000095000000990000003C000000A9
:10A3E800430000009000000041000000FE00000053
:10A3F8005100000063000000AB000000DE00000018
:10A40800BB000000C500000061000000B7000000AC
:10A41800240000006E0000003A0000004200000026
:10A428004D000000D2000000E0000000060000001F
:10A43800490000002E000000EA00000009000000AA
:10A44800D1000000920000001C000000FE00000087
:10A458001D000000EB0000001C000000B10000001F
:10A4680029000000A70000003E000000E8000000EE
:10A478008200000035000000F50000002E000000FA
:10A48800BB0000004400000084000000E900000058
:10A498009C0000007000000026000000B4000000CE
:10A4A8005F0000007E00000041000000390000004D
:10A4B80091000000D6000000390000008300000071
:10A4C8005300000039000000F40000009C00000068
:10A4D800840000005F0000008B000000BD00000049
:10A4E800F9000000280000003B0000001F000000E9
:10A4F800F800000097000000FF000000DE000000E8
:10A5080005000000980000000F000000EF000000A8
:10A518002F000000110000008B0000005A0000000E
:10A528000A0000006D0000001F0000006D00000020
:10A53800360000007E000000CF0000002700000069
:10A54800CB00000009000000B70000004F00000029
:10A55800460000003F000000660000009E0000006A
:10A568005F000000EA0000002D00000075000000F8
:10A5780027000000BA000000C7000000EB00000040
:10A58800E5000000F10000007B0000003D00000035
:10A598000700000039000000F70000008A000000F2
:10A5A8005200000092000000EA0000006B0000006A
:10A5B800FB0000005F000000B10000001F00000069
:10A5C8008D0000005D00000008000000560000003B
:10A5D800030000003000000046000000FC000000FE
:10A5E8007B0000006B000000AB000000F0000000E2
:10A5F800CF000000BC000000200000009A0000000E
:10A60800F4000000360000001D000000A900000052
:10A61800E300000091000000610000005E000000FF
:10A62800E60000001B0000000800000065000000B4
:10A6380099000000850000005F0000001400000081
:10A64800A000000068000000400000008D0000002D
:10A65800FF000000D8000000800000004D0000004E
:10A668007300000027000000310000000600000011
:10A67800060000001500000056000000CA00000097
:10A6880073000000A8000000C9000000600000007E
:10A69800E20000007B000000C00000008C00000009
:10A6A8006B0000000000C93F0000F0390000DA37F5
:10A6B8000000A2330000842E0000502B0000C227A7
:10A6C8000000D0220000C41F0000C61B0000441771
:0CA6D80004000000070000000900000062
:08A6E4001C5BFF7F0100000078
:04A6EC00E50100087C
:04A6F000C10100089C
:10A6F40000093D00010000001000000009024300B1
:10A70400020100C032090400000102020100052414
:10A71400001001052401000104240202052406009E
:10A72400010705820308001009040100020A000061
:10A7340000070501024000000705810240000000F7
:10A744001D3B0008BD3A0008CD3900080000000098
:10A754005938000869390008313900080000000040
:10A764000000000000000000E93800089D380008DF
:10A77400E5380008913800080A060002000000408D
:10A7840001000000E5450008C1450008C545000872
:10A79400CD450008C94500081A0300000000000068
:10A7A40000000000000000000000000000000000A5
:10A7B4000000000004030904050F0C000107100247
:10A7C400020000001201010202020040830440570B
:10A7D400000201020301000035460008414600085A
:10A7E400C1460008D946000885460008F14600081D
:10A7F400094700084D46000800000000030000005F
:10A80400F81E00201801002000000000F81E00209F
:10A81400601F0020C81F002000000000000000008E
:10A824000000000000000000000000000000000024
:10A834000000000000000000000000000000000014
:10A844000000000000000000000000000000000004
:10A8540000000000430000000000000000000000B1
:10A8640000000000000000000000000000000000E4
:10A874000000000043000000000000000000000091
:10A8840000000000000000000000000000000000C4
:10A894000000000043000000000000000000000071
:10A8A40000000000000000000000000000000000A4
:10A8B4000000000043000000000000000000000051
:10A8C4000000000000000000000000000000000084
:10A8D4000000000043000000000000000000000031
:10A8E4000000000000000000000000000000000064
:10A8F4000000000043000000000000000000000011
:10A904000000000000000000000000000000000043
:10A9140000000000430000000000000000000000F0
:10A924000000000000000000000000000000000023
:10A93400000000005B8C0008DB8B000800000000B6
:10A9440010A2000804A00008669E0008669E000885
:10A95400669E0008669E0008669E0008669E0008C3
:10A96400669E0008669E0008669E0008FFFFFFFFC3
:10A97400FFFFFFFFFFFFFFFFFFFF00000100415348
:10A9840043494900000000000000000000000000EE
:10A99400000000000000000000000000000041531F
:10A9A40043494900000000000000000000000000CE
:10A9B4000000000000000000000000000000000093
:0400000508001111CD
:00000001FF
