:020000040800F2
:10000000000005201111000831100008331000080D
:1000100035100008371000083910000800000000F3
:100020000000000000000000000000003B1000087D
:100030003D100008000000003F10000841100008BB
:1000400061110008611100086111000861110008C8
:1000500061110008611100086111000861110008B8
:1000600061110008611100086111000861110008A8
:100070006111000861110008611100086111000898
:100080006111000861110008611100086111000888
:100090006111000861110008611100086111000878
:1000A0006111000861110008611100086111000868
:1000B0006111000861110008611100086111000858
:1000C0006111000861110008611100086111000848
:1000D0006111000861110008611100086111000838
:1000E00061110008611100080000000061110008A2
:1000F0006111000861110008611100086111000818
:100100006111000861110008611100086111000807
:1001100061110008611100086111000861110008F7
:1001200061110008611100086111000861110008E7
:100130006111000861110008611100080000000051
:1001400061110008611100086111000845100008E4
:1001500061110008611100086111000861110008B7
:1001600061110008611100086111000861110008A7
:100170006111000861110008000000006111000811
:100180006111000861110008611100086111000887
:1001900061110008611100086111000800000000F1
:1001A000000000000000000061110008611100085B
:0C01B0006111000800000000611100084F
:1001C00010B5054C237833B9044B13B10448AFF391
:1001D00000800123237010BDD00200200000000029
:1001E0002C9E000808B5034B1BB103490348AFF32D
:1001F000008008BD00000000D40200202C9E0008F2
:1002000001F0FF01102A2BDB10F0070F08D010F8C7
:10021000013B013A8B422DD010F0070F42B3F6D1CB
:10022000F0B441EA012141EA014122F007047FF0E4
:1002300000070023F0E80256083C85EA010586EA3B
:10024000010685FA47F5A3FA87F586FA47F6A5FA77
:1002500087F68EB9EED1F0BC01F0FF0102F0070283
:1002600032B110F8013B013A83EA010313B1F8D12E
:100270000020704701387047002D06BF354603380F
:10028000073815F0010F07D1013015F4807F02BF48
:10029000013015F4C03F0130F0BC0138704700BF99
:1002A000034613F8012B002AFBD1181A01387047B6
:1002B00081F0004102E000BF83F0004330B54FEA17
:1002C00041044FEA430594EA050F08BF90EA020F84
:1002D0001FBF54EA000C55EA020C7FEA645C7FEA17
:1002E000655C00F0E2804FEA5454D4EB5555B8BF3A
:1002F0006D420CDD2C4480EA020281EA030382EAAB
:10030000000083EA010180EA020281EA0303362D3C
:1003100088BF30BD11F0004F4FEA01314FF4801C0F
:100320004CEA113102D0404261EB410113F0004F21
:100330004FEA03334CEA133302D0524263EB4303D8
:1003400094EA050F00F0A780A4F10104D5F1200E76
:100350000DDB02FA0EFC22FA05F2801841F10001D1
:1003600003FA0EF2801843FA05F359410EE0A5F1A5
:1003700020050EF1200E012A03FA0EFC28BF4CF0D6
:10038000020C43FA05F3C01851EBE37101F000458C
:1003900007D54FF0000EDCF1000C7EEB00006EEB99
:1003A0000101B1F5801F1BD3B1F5001F0CD3490823
:1003B0005FEA30004FEA3C0C04F101044FEA44527A
:1003C00012F5800F80F09A80BCF1004F08BF5FEA01
:1003D000500C50F1000041EB045141EA050130BDE1
:1003E0005FEA4C0C404141EB0101013C28BFB1F5F3
:1003F000801FE9D291F0000F04BF01460020B1FA3E
:1004000081F308BF2033A3F10B03B3F120020CDA10
:100410000C3208DD02F1140CC2F10C0201FA0CF0EE
:1004200021FA02F10CE002F11402D8BFC2F1200C53
:1004300001FA02F120FA0CFCDCBF41EA0C01904009
:10044000E41AA2BF01EB0451294330BD6FEA040452
:100450001F3C1CDA0C340EDC04F11404C4F120023D
:1004600020FA04F001FA02F340EA030021FA04F34F
:1004700045EA030130BDC4F10C04C4F1200220FAA6
:1004800002F001FA04F340EA0300294630BD21FAE4
:1004900004F0294630BD94F0000F83F4801306BFAA
:1004A00081F480110134013D4EE77FEA645C18BF9E
:1004B0007FEA655C29D094EA050F08BF90EA020F35
:1004C00005D054EA000C04BF1946104630BD91EA2D
:1004D000030F1EBF0021002030BD5FEA545C05D130
:1004E0004000494128BF41F0004130BD14F580046F
:1004F0003CBF01F5801130BD01F0004545F0FE41E3
:1005000041F470014FF0000030BD7FEA645C1ABF17
:10051000194610467FEA655C1CBF0B46024650EA4E
:10052000013406BF52EA033591EA030F41F400217A
:1005300030BD00BF90F0000F04BF0021704730B500
:100540004FF4806404F132044FF000054FF00001D5
:1005500050E700BF90F0000F04BF0021704730B596
:100560004FF4806404F1320410F0004548BF40426B
:100570004FF000013EE700BF42004FEAE2014FEAC0
:1005800031014FEA02701FBF12F07F4393F07F4F9B
:1005900081F06051704732F07F4208BF704793F09E
:1005A0007F4F04BF41F40021704730B54FF46074B1
:1005B00001F0004521F000411CE700BF50EA0102B4
:1005C00008BF704730B54FF000050AE050EA01025D
:1005D00008BF704730B511F0004502D5404261EBCD
:1005E00041014FF4806404F132045FEA915C3FF40E
:1005F000D8AE4FF003025FEADC0C18BF03325FEAAB
:10060000DC0C18BF033202EBDC02C2F1200300FA5B
:1006100003FC20FA02F001FA03FE40EA0E0021FA80
:1006200002F11444BDE600BF70B54FF0FF0C4CF46E
:10063000E06C1CEA11541DBF1CEA135594EA0C0F20
:1006400095EA0C0F00F0DEF82C4481EA030621EA5B
:100650004C5123EA4C5350EA013518BF52EA033596
:1006600041F4801143F4801338D0A0FB02CE4FF048
:100670000005E1FB02E506F00042E0FB03E54FF078
:100680000006E1FB03569CF0000F18BF4EF0010E70
:10069000A4F1FF04B6F5007F64F5407404D25FEA6C
:1006A0004E0E6D4146EB060642EAC62141EA55511F
:1006B0004FEAC52040EA5E504FEACE2EB4F1FD0C61
:1006C00088BFBCF5E06F1ED8BEF1004F08BF5FEADF
:1006D000500E50F1000041EB045170BD06F0004691
:1006E00046EA010140EA020081EA0301B4EB5C043E
:1006F000C2BFD4EB0C0541EA045170BD41F4801136
:100700004FF0000E013C00F3AB8014F1360FDEBF5A
:10071000002001F0004170BDC4F10004203C35DA36
:100720000C341BDC04F11404C4F1200500FA05F3B9
:1007300020FA04F001FA05F240EA020001F000425A
:1007400021F0004110EBD37021FA04F642EB0601D0
:100750005EEA430E08BF20EAD37070BDC4F10C04FA
:10076000C4F1200500FA04F320FA05F001FA04F2BE
:1007700040EA020001F0004110EBD37041F10001AA
:100780005EEA430E08BF20EAD37070BDC4F12005B5
:1007900000FA05F24EEA020E20FA04F301FA05F21D
:1007A00043EA020321FA04F001F0004121FA04F2C5
:1007B00020EA020000EBD3705EEA430E08BF20EA95
:1007C000D37070BD94F0000F0FD101F000464000CF
:1007D00041EB010111F4801F08BF013CF7D041EA51
:1007E000060195F0000F18BF704703F00046520055
:1007F00043EB030313F4801F08BF013DF7D043EA26
:100800000603704794EA0C0F0CEA135518BF95EADB
:100810000C0F0CD050EA410618BF52EA4306D1D162
:1008200081EA030101F000414FF0000070BD50EA81
:10083000410606BF1046194652EA430619D094EA0B
:100840000C0F02D150EA013613D195EA0C0F05D1F5
:1008500052EA03361CBF104619460AD181EA030149
:1008600001F0004141F0FE4141F470014FF0000001
:1008700070BD41F0FE4141F4780170BD70B54FF09C
:10088000FF0C4CF4E06C1CEA11541DBF1CEA13551C
:1008900094EA0C0F95EA0C0F00F0A7F8A4EB0504FE
:1008A00081EA030E52EA03354FEA013100F08880F5
:1008B0004FEA03334FF0805545EA131343EA1263BE
:1008C0004FEA022245EA111545EA10654FEA002673
:1008D0000EF000419D4208BF964244F1FD0404F52C
:1008E000407402D25B084FEA3202B61A65EB030588
:1008F0005B084FEA32024FF480104FF4002CB6EB45
:10090000020E75EB030E22BFB61A754640EA0C00C4
:100910005B084FEA3202B6EB020E75EB030E22BF04
:10092000B61A754640EA5C005B084FEA3202B6EB45
:10093000020E75EB030E22BFB61A754640EA9C0004
:100940005B084FEA3202B6EB020E75EB030E22BFD4
:10095000B61A754640EADC0055EA060E18D04FEA92
:10096000051545EA16754FEA06164FEAC30343EA32
:1009700052734FEAC2025FEA1C1CC0D111F4801FFF
:100980000BD141EA00014FF000004FF0004CB6E7F8
:1009900011F4801F04BF01430020B4F1FD0C88BF97
:1009A000BCF5E06F3FF6AFAEB5EB030C04BFB6EBA2
:1009B000020C5FEA500C50F1000041EB045170BD95
:1009C0000EF0004E4EEA113114EB5C04C2BFD4EBC2
:1009D0000C0541EA045170BD41F480114FF0000E46
:1009E000013C90E645EA060E8DE60CEA135594EAC2
:1009F0000C0F08BF95EA0C0F3FF43BAF94EA0C0FC5
:100A00000AD150EA01347FF434AF95EA0C0F7FF439
:100A100025AF104619462CE795EA0C0F06D152EA8D
:100A200003353FF4FDAE1046194622E750EA410671
:100A300018BF52EA43067FF4C5AE50EA41047FF482
:100A40000DAF52EA43057FF4EBAE12E74FF0FF3CE7
:100A500006E000BF4FF0010C02E000BF4FF0010CB8
:100A60004DF804CD4FEA410C7FEA6C5C4FEA430C31
:100A700018BF7FEA6C5C1BD001B050EA410C0CBF80
:100A800052EA430C91EA030F02BF90EA020F0020E2
:100A9000704710F1000F91EA030F58BF994208BF49
:100AA00090422CBFD8176FEAE37040F00100704706
:100AB0004FEA410C7FEA6C5C02D150EA013C07D15D
:100AC0004FEA430C7FEA6C5CD6D152EA033CD3D0A8
:100AD0005DF8040B704700BF8446104662468C46A2
:100AE0001946634600E000BF01B5FFF7B7FF0028D5
:100AF00048BF10F1000F01BD4DF808EDFFF7F4FFFE
:100B00000CBF012000205DF808FB00BF4DF808ED88
:100B1000FFF7EAFF34BF012000205DF808FB00BFAB
:100B20004DF808EDFFF7E0FF94BF012000205DF8CD
:100B300008FB00BF4DF808EDFFF7CEFF94BF012082
:100B400000205DF808FB00BF4DF808EDFFF7C4FF7B
:100B500034BF012000205DF808FB00BF4FEA410CC4
:100B60007FEA6C5C02D150EA013C0AD14FEA430CA7
:100B70007FEA6C5C02D152EA033C02D14FF00000E4
:100B800070474FF0010070474FEA410212F5001222
:100B900015D211D56FF47873B3EB625212D94FEAC4
:100BA000C12343F0004343EA505311F0004F23FAAE
:100BB00002F018BF404270474FF00000704750EA03
:100BC000013005D111F0004008BF6FF000407047C0
:100BD0004FF00000704700BF4A0011D212F500121A
:100BE00011D20DD56FF47873B3EB62520ED44FEA85
:100BF000C12343F0004343EA505323FA02F0704705
:100C00004FF00000704750EA013002D14FF0FF3042
:100C100070474FF0000070474FEA4102B2F1E043E5
:100C200024BFB3F5001CDCF1FE5C0DD901F0004CD3
:100C30004FEAC0024CEA5070B2F1004F40EB830023
:100C400008BF20F00100704711F0804F21D113F14F
:100C50003872BCBF01F00040704741F480114FEA88
:100C60005252C2F11802C2F1200C10FA0CF320FA11
:100C700002F018BF40F001004FEAC1234FEAD3232E
:100C800003FA0CFC40EA0C0023FA02F34FEA430398
:100C9000CCE77FEA625307D150EA01331EBF4FF021
:100CA000FE4040F44000704701F0004040F0FE403C
:100CB00040F40000704700BF38B50022002304460E
:100CC0000D46FFF723FF28B920462946BDE83840E6
:100CD00000F00AB8204605F1004100F005F8404256
:100CE00061EB410138BD00BFD0B50C4B0022064678
:100CF0000F46FFF799FCFFF76FFF0446FFF71AFC5A
:100D0000074B0022FFF790FC02460B46304639465F
:100D1000FFF7D2FAFFF760FF2146D0BD0000F03D9B
:100D20000000F04100B5B3B00A460146684605F040
:100D300091FC002806DD6846FFF7B2FA81B26846EA
:100D400003F062FC33B000BD0FB407B504A951F83D
:100D5000040B0191FFF7E6FF03B05DF804EB04B06C
:100D60007047000030B599B04822002106A814252C
:100D700005F07AFC2A46002101A805F075FC002048
:100D800001F088F8044608B172B6FEE701F06AF88F
:100D9000174AD2F8903023F01803C2F8903060233D
:100DA00001220F930223CDE90D24CDE911320892DF
:100DB000139206A83C22CDE91423CDE916330695FB
:100DC00001F050F908B172B6FEE7CDE903000F2239
:100DD00003230590052101A8CDE9012301F028FC9A
:100DE00008B172B6FEE702F065F819B030BD00BF79
:100DF000001002402DE9F0412DED088B8CB000F081
:100E0000D7F9FFF7AFFF664B664EDA6CDFF8E88183
:100E1000654F9FED66BA42F00402DA64DA6C02F0C4
:100E200004020A920A9ADA6C42F00102DA64DB6C7C
:100E300003F001030B930B9B03F09AFB5C4B3360B5
:100E400000F0D2F9D8F800305A339842F8D900F0BF
:100E5000CBF997ED008A9FED570AC8F8000038EEED
:100E60000B8ADFED558A87ED008A28EE000A03F031
:100E700009FEDFED527ADFED529AF0EE68AAE0EE5D
:100E800027AA28EE0B0A03F0FDFDF2EE047AE0EE4D
:100E900027AA4C4B9FED4C0AC3ED00AACAEEA8BA94
:100EA00028EE000A03F0EEFDB3EE0BAAF7EE087A87
:100EB000A0EE27AA454B9FED460A83ED00AA28EE37
:100EC000000A03F0DFFDDFED437A434B20EE279A63
:100ED000B2EE017AABEE879A28EE270A83ED009AEC
:100EE00003F0D0FDF0EE007AE0EE279A9FED3B0A8A
:100EF00028EE000A03F0C6FDDFED397A394BE0EE4B
:100F0000279AF2EE088A9FED380AC3ED009A7AEE2E
:100F1000288AF1EE047A28EE000AEBEEA78A03F0A5
:100F2000B1FDF3EE047AE0EE277A304B96ED008ABD
:100F300078EEA78ADFED2E7A78EEC88A19EE900A4D
:100F4000A8EEA78A69EE298A86ED008AC3ED008A99
:100F5000FFF712FB04461AEE900A0D46FFF70CFB52
:100F6000CDE908011AEE100AFFF706FBCDE90601EC
:100F700018EE100AFFF700FBCDE9040118EE900A05
:100F8000FFF7FAFACDE9020119EE100AFFF7F4FAB9
:100F90002246CDE900012B461648FFF7D5FE4FE764
:100FA00000100240F8020020EC020020CDCCCC3D25
:100FB000000030420AD7A33C00805444000048425D
:100FC00000C02844F00200200AD7A33BF40200200E
:100FD0003333333F8FC2F53C00030020CDCC4C3F70
:100FE0009A99993E04030020CDCCCC3CFC02002011
:100FF0008FC2753C489E00080803002072B6FEE7C9
:101000000A4B1A6E42F0010282B01A661A6E02F0A2
:1010100001020092009A9A6D42F080529A659B6D8F
:1010200003F080530193019B02B07047001002400F
:10103000FEE7FEE7FEE7FEE7FEE770477047704712
:1010400000F0C6B8014800F0CDBB00BF141A002064
:101050000120704708B505F059FB162303604FF0D7
:10106000FF3008BD08B505F051FB16230360FEE70D
:1010700070B50D4614460E46731B9C4201DC20469B
:1010800070BDAFF3008006F8010BF5E770B50D46B3
:1010900014460E46731B9C4201DC204670BD16F8B8
:1010A000010BAFF30080F5E74FF0FF3070474FF4CE
:1010B00000534B60002070470120704700207047AC
:1010C0000A4A0346106810B508B909481060094972
:1010D000094C0344091B8B4206D905F017FB0C236E
:1010E00003604FF0FF3010BD1360FCE70C030020DD
:1010F000482000200000052000040000034AD2F828
:10110000883043F47003C2F88830704700ED00E087
:10111000DFF834D0FFF7F2FF0C480D490D4A0023E9
:1011200002E0D458C4500433C4188C42F9D30A4A9C
:101130000A4C002301E013600432A242FBD305F005
:10114000EBFAFFF757FEFEE7000005200000002045
:10115000D0020020F4A60008D00200204420002085
:10116000FEE7000038B50F4B1A7805460AB9012092
:1011700038BD4FF47A73B3FBF2F30B4A1068B0FB3F
:10118000F3F000F09DF804460028F0D10F2DEED8C2
:10119000024629464FF0FF3000F052F8034B20463C
:1011A0001D60E5E70400002000000020080000208A
:1011B00010B5032000F032F80F20FFF7D3FF0446EC
:1011C00018B9FFF71DFF204610BD0124FBE7000002
:1011D000034A044B11681B780B441360704700BF2F
:1011E0001003002004000020014B1868704700BF66
:1011F0001003002038B50446FFF7F6FF631C1CBF40
:10120000054B1B78054618BFE418FFF7EDFF431B9D
:10121000A342FAD338BD00BF040000200749CA68C2
:1012200022F4E0620302120403F4E063120C13439D
:1012300043F0BF6343F40033CB60704700ED00E040
:10124000164B30B5DC68C4F30224C4F10703251D36
:10125000042B28BF0423062D4FF0FF358CBF033C21
:10126000002405FA03F321EA0303A54022EA05025C
:10127000A340002843EA0203ACBF00F16040084AE3
:101280004FEA0313B8BF00F00F00DBB2AABF00F5AE
:101290006140135480F8003330BD00BF00ED00E022
:1012A00014ED00E0002807DB044A4109012300F0A7
:1012B0001F00834042F82130704700BF00E100E08A
:1012C0000138B0F1807F0BD24FF0E023054A58611E
:1012D000F02182F823100020072298611A617047DC
:1012E0000120704700ED00E02DE9F74FDFF8A091F5
:1012F000654C00230A6832FA03F502D103B0BDE859
:10130000F08F012505FA03F818EA020200F0AC801C
:101310004E68032706F003054FEA430E07FA0EFC5A
:101320006F1E012F6FEA0C0C34D8876807EA0C0A8D
:10133000CF6807FA0EF747EA0A078760476827EA87
:101340000808C6F300179F4047EA08074760C768C8
:1013500007EA0C088F6807FA0EF747EA0807022D1C
:10136000C76019D14FEAD30800EB880803F0070AD9
:10137000D8F820704FEA8A0A4FF00F0B0BFA0AFBDD
:1013800027EA0B0B0F6907FA0AF747EA0B07C8F8B9
:10139000207001E0032DDAD1076805FA0EF507EA9F
:1013A0000C073D4316F4403F05605DD0D9F860500E
:1013B00045F00105C9F86050D9F8605023F00307E3
:1013C00007F1804705F0010507F58037019503F027
:1013D000030C019DBD684FEA8C0C4FF00F0E0EFA06
:1013E0000CFEB0F1904F25EA0E0E3FD0274DA842DB
:1013F0003ED005F58065A8423CD005F58065A84241
:101400003AD005F58065A84238D005F58065A84238
:1014100036D005F58065A84234D005F58065A84230
:1014200014BF0825072505FA0CF545EA0E05BD6031
:10143000A568D74316F4801F0CBF3D401543A56037
:10144000E56816F4001F0CBF3D401543E560656874
:1014500016F4003F0CBF3D40154365602568F60358
:1014600054BF3D4015432560013343E70025DAE7CB
:101470000125D8E70225D6E70325D4E70425D2E7DE
:101480000525D0E70625CEE700040140000400480A
:1014900000100240F7B50446F0B190F8953403F01F
:1014A000FF021BB980F8942403F03AF9032384F86F
:1014B00095340023A371206801F0B8FD237C8DF8DA
:1014C0000030251D95E80E00206801F0FBFC014668
:1014D00030B1022384F895340125284603B0F0BDCD
:1014E000206801F0A9FD0028F3D1267904F1140346
:1014F00001270246C1B28E4203F1240321D8002104
:1015000004F515730A46C8B2864203F1240326D8AF
:10151000237C8DF8003095E80E00206801F008FE6D
:1015200005460028D5D10123607484F89534237BC7
:10153000012B02D1204600F082FC206802F021F944
:10154000CBE723F80A0C43E9072203F8237C03F8CE
:10155000241C03F8202C43F8142C0130CAE743E97B
:10156000072203F8232C03F8240C03F8202C43F85B
:10157000142C0131C7E710B50446006894F8943480
:10158000012B12D0012384F89434637B012B02BF1A
:10159000836B43F48033836301F042FD206802F0E3
:1015A000E2F8002084F8940410BD0220FCE710B596
:1015B00090F89424012A04460AD0012280F8942449
:1015C0004174006802F0BFF8002084F8940410BD54
:1015D0000220FCE770B50546242401F00F0011F04D
:1015E000800F00FB04F414BF04F1140104F515711D
:1015F00005EB040615BF491949190124002414BF3D
:10160000747586F85542C2F30A028A604A780870F7
:101610000B7102B14883022B04BF00234B7195F874
:101620009434012B09D00123286885F8943401F003
:101630002FFE002085F8940470BD0220FCE701F025
:101640000F02242311F0800F02FB03F310B514BF27
:1016500003F1140103F51571044618BF0919184464
:101660000BBF091901230023437508BF80F85532C9
:101670000A7094F89434012B09D00123206884F86F
:10168000943401F045FE002084F8940410BD02203B
:10169000FCE770B501F00F0124244C430519002626
:1016A00085F8541285F8556204F515710144C5E9B1
:1016B0009823C5F86862006801F05EFF304670BD8F
:1016C00001F00F01242303FB0100D0F868027047EA
:1016D00070B501F00F0124244C430519C5E9082316
:1016E0000123297500266B7504F114010144AE62D3
:1016F000006801F041FF304670BD38B5037901F054
:101700000F05AB4204462AD311F0800F4FF024039B
:101710001CD06B4303F114010344012201445A75A8
:1017200001238B700D7094F894249A4219D020688C
:1017300084F8943401F0BDFE25B9206804F29C4180
:1017400002F06EF8002084F8940438BD4B4303F592
:10175000157103440022014483F85522E0E701207B
:10176000F3E70220F1E738B5037901F00F02934265
:10177000044625D3242311F0800F02FB03F314BF8A
:1017800003F1140103F51571184415BF091909195E
:10179000012300234FF0000514BF437580F8553234
:1017A0008D700A7094F89434012B0BD001232068BB
:1017B00084F8943401F0A8FE84F89454284638BD87
:1017C0000120FCE70220FAE701F00F032422534333
:1017D0000A064CBF03F1140103F5157101440068BA
:1017E00001F0ECBD2DE9F04F066887B004463046A5
:1017F00002F003F80190002840F06D81206801F0AC
:10180000CEFF002800F06781D6F808382068C3F3BF
:101810000D23C4F8D43401F0C2FF2368820742BF0D
:101820005A6902F002025A61184601F0B8FFC30675
:1018300006F500652DD52268936923F010039361A6
:10184000D6F8208008F4F013B3F5802F08F00F07C6
:1018500040F0448147F6F07318EA030F14D02423B4
:1018600003FB0747C8F30A19D7F860124A46304607
:1018700001F048FFD7F860324B44C7F86032D7F820
:1018800068324B44C7F868322268936943F010030A
:101890009361206801F083FF070300F13281206823
:1018A00001F07DFF40030CD5206801F084FF27463E
:1018B000029006F5106B4FF0000A029B002B40F0DF
:1018C0009D81206801F06BFF002813DA6B6823F01C
:1018D00001036B6094F8CC34012B40F0248200218A
:1018E00084F8CC14204603F095F82268536903F07D
:1018F00000435361206801F052FF03050AD5AB682D
:10190000DF0702D5204602F0A7FF2268536903F4DF
:1019100000635361206801F042FF000114D5236881
:101920005A6902F000625A6194F8CC24002A40F00F
:10193000FE81012184F8CC145B6DC3F38303C4F8EA
:10194000D034204603F066F8206801F028FFC10477
:1019500032D56B68206823F001036B60102101F021
:101960009BFB207906F510634FF67F31019A904278
:1019700000F2E181EB6943F00113EB61E37B002BA3
:1019800000F0F181D5F8843043F00B03C5F88430C2
:101990006B6C43F00B036B64D6F80038206823F4BB
:1019A000FE63C6F8003804F29C4101F039FF22685A
:1019B000536903F480535361206801F0F0FE820400
:1019C00016D5206801F01DFF206801F057FCE0717A
:1019D000276800F029FFE2790146384601F0B0FAA5
:1019E000204602F026FF2268536903F40053536136
:1019F000206801F0D4FE030707D5204602F015FF4A
:101A00002268536903F008035361206801F0C7FEA0
:101A1000070600F1B381206801F0C1FEC0020CD5B9
:101A2000A04606F5126901272379BB4200F2C58161
:101A30002268536903F480135361206801F0AFFEFC
:101A400081022BD594F804E0234606F532614FF06D
:101A5000010CE6451DD993F87C720868012F40F00F
:101A6000C281002880F2BF81D4F8D42482EA1040D9
:101A7000C20700F1B88183F87B72B06940F0800042
:101A8000B0617069000600F1AE816B6843F40073C9
:101A90006B602268536903F400135361206801F0FE
:101AA0007EFE410007D5204602F010FF22685369F0
:101AB00003F080435361206801F071FE42070AD5AC
:101AC00023685D686B0702D5204602F003FF226899
:101AD00053682B43536007B0BDE8F08FB3F5402F38
:101AE0007FF4D2AE082204F29C41304601F00AFE97
:101AF000242303FB0747C8F30A18D7F86832434486
:101B0000C0E6206801F04FFE06F530678146A34627
:101B10004FF0000AB9F1000F3FF4C1AE19F0010F08
:101B20005AD05FFA8AF320680293194601F04BFEFF
:101B300010F0010F804610D00123BB602368AC4930
:101B4000186C03F5306303EB4A1388429A684FD14F
:101B5000110449D54FF400429A6018F0080F13D0D1
:101B60000823BB602368A349186C03F5306303EBBB
:101B70004A1388429A6804D9100444BF4FF40042C3
:101B80009A60204602F03AFE18F0100F1CBF102396
:101B9000BB6018F0020F14D07369190642BF6B685E
:101BA00043F480636B609BF85732012B07D100230D
:101BB0008BF857325FFA8AF1204602F07FFE02234B
:101BC000BB6018F0200F1CBF2023BB6018F4005F1F
:101BD0001CBF4FF40053BB600AF1010A4FEA5909D8
:101BE00020370BF1240B95E7920644BF20229A6020
:101BF0005FFA8AF1204602F007FEAEE7029BDA07A1
:101C000040F188805FFA8AF320680593194601F055
:101C1000E3FD10F0010F80460FD06B6B01210AF03D
:101C20000F0201FA02F223EA02036B632046CBF8AB
:101C300008105FFA8AF102F0F0FD18F0080F1CBFDF
:101C40000823CBF8083018F0100F1CBF1023CBF876
:101C5000083018F0400F1CBF4023CBF8083018F0B4
:101C6000020F10D05146304601F016FAFB7D012BD1
:101C700006D10023FB755FFA8AF1204602F022FEAE
:101C80000223CBF8083018F0800F43D0D7E909328F
:101C90009A423FD8A3EB0208FB692168039198455B
:101CA00028BF984601F5106308F1030803EB4A13B7
:101CB0004FEA98080493049B996989B24145D7E992
:101CC000093225D393420BD8039B0AF00F00D3F8B7
:101CD00034280121814022EA0102C3F8342819E0A6
:101CE000A3EB0209FB69059A396A0398994528BF55
:101CF00099461FFA89F301F030FC3B6A4B443B6282
:101D0000BB6A09F103084B444FEA9808BB62D2E76B
:101D10009342D9D9029B5B080AF1010A0293243746
:101D20000BF1200BC9E5204602F0AEFDDDE52046B3
:101D300002F092FD08E699601A6822F400121A6017
:101D4000C3F80812D3F8002222F40012C3F80022CC
:101D5000D3F8002242F00062C3F80022019A013257
:101D60000192203302E66B6943F4005343F02B03E6
:101D70006B612B6943F00B032B610DE6B36923F014
:101D80008003B361207906F53263012204F25727FC
:101D90004FF0240C90427FF63EAE0CFB02F1795CD2
:101DA000012907D1196841F000611960196841F0F3
:101DB0008041196001322033ECE798F83C30D9F8C3
:101DC0000020012B09D1002A07DA67F07F0188F88B
:101DD0003B30C9B22046FFF7F7FC013708F1240871
:101DE00009F1200920E60CF1010C2433203130E602
:101DF0000A31544F0A30544F006870B5436A1204D8
:101E000019B913438362002070BD846A4E1E03EB30
:101E100014430024A64205D83F3100EB8100134350
:101E20004360F0E704F1400500EB850501346D687F
:101E300003EB1543EEE70368002059627047034641
:101E400001210268C0F8D814002083F8CC049369FB
:101E500043F000639361536D43F0805343F00303F9
:101E600053657047024A136843F4807313607047E8
:101E700000700040064B186800F4C060B0F5806F39
:101E80001EBFD3F88000C0F300204002704700BF9F
:101E900000700040284B1A6818BB02F4C062B2F50B
:101EA000806FD3F8802022F48072C3F8802040D164
:101EB0001A6822F4C06242F400721A601F4A126863
:101EC00032214A431E49B2FBF1F2013259694905F8
:101ED00000D522B95B6958052BD503207047013A1C
:101EE000F4E7B0F5007F1FD102F4C062B2F5806F55
:101EF000D3F8802042F48072C3F8802019D11A6888
:101F000022F4C06242F400721A600C4A1268322154
:101F10004A430B49B2FBF1F2013259694905D9D55F
:101F2000002AD7D0013AF8E722F4C06242F4806276
:101F30001A600020704700BF0070004000000020C1
:101F400040420F00024A536843F480635360704775
:101F50000070004037B51C4DAB6DDA00044618D553
:101F6000FFF788FFB0F5007F23D1802C28D9A02C63
:101F70008CBF0224012415490A6822F00F02224373
:101F80000A60086800F00F00001B18BF012003B0B2
:101F900030BDAB6D43F08053AB65AB6D03F0805348
:101FA0000193019BFFF766FFAB6D23F08053AB6598
:101FB000D8E77F2C06D8A4F170035C425C41DAE7D5
:101FC0000024D8E70224D6E7001002400020024097
:101FD000204B9A68D96812F00C0205D00C2A2CD13B
:101FE00001F0030101292FD119681B48090755BFCA
:101FF000D3F894101968C1F30321C1F3031150F809
:10200000210032B3DA6802F00302022A1ED013491B
:10201000032A08BF0846D968DA68C2F30622424399
:10202000D868C0F34160C1F30311013001314000B1
:10203000B2FBF1F2B2FBF0F07047042A08D0082A94
:10204000064818BF002070470020DBE70448E2E79D
:10205000034870470010024080A0000800127A0078
:102060000024F4002DE9F743054618B9012003B018
:10207000BDE8F083944C0368A668E768DB0606F0C9
:102080000C0607F003073DD51EB10C2E6AD1012FB7
:1020900068D12368980702D5EB69002BE6D0236846
:1020A000686A190756BFD4F8943023681B0903F0F7
:1020B000F00398423FD9FFF74DFF0028D6D123689F
:1020C00043F00803236023686A6A23F0F003134394
:1020D000236063682A6A23F47F4343EA0223636030
:1020E000FFF776FFA368794AC3F30313D35C03F0C9
:1020F0001F03D840764B1860764B1868FFF732F80C
:102100000028B4D12B68D80763D42B68990700F155
:10211000A2802B681F0700F1DF802B68580700F1B1
:102120002F812B689F0600F1AB81EB6A002B40F0FA
:10213000D18100209BE7236843F0080323602368D4
:1021400023F0F0030343236063682A6A23F47F4388
:1021500043EA02236360002EC2D1FFF7FBFE002892
:10216000BED083E7EB691BB3236843F00103236010
:10217000FFF73AF8804623689A0711D5236843F0A1
:102180000803236023686A6A23F0F0031343236083
:1021900063682A6A23F47F4343EA02236360B1E75A
:1021A000FFF722F8A0EB08000228E4D903205EE73D
:1021B000236823F001032360FFF716F880462368A5
:1021C0009B079FD5FFF710F8A0EB08000228F6D96F
:1021D000ECE7082E03D00C2E08D1032F06D123687C
:1021E0009A0392D56B68002B8FD13FE76B68B3F5EC
:1021F000803F10D1236843F480332360FEF7F4FF5F
:10220000804623689B0380D4FEF7EEFFA0EB080016
:102210006428F6D9CAE7B3F5A02F04D1236843F4A4
:1022200080232360E6E7226822F48032226022685D
:1022300022F480222260002BE0D1FEF7D5FF8046F9
:10224000236898037FF561AFFEF7CEFFA0EB08008F
:102250006428F5D9AAE7042E03D00C2E10D1022F42
:102260000ED12368590503D5EB68002B3FF4FEAE71
:1022700063682A6923F0FE4343EA0263636048E728
:10228000EB687BB1236843F480732360FEF7ACFFF7
:10229000074623685A05EBD4FEF7A6FFC01B0228A9
:1022A000F7D983E7236823F480732360FEF79CFF4C
:1022B000074623685B057FF52CAFFEF795FFC01B33
:1022C0000228F6D972E700BF00100240B0A0000853
:1022D00000000020080000206B69002B3CD0D4F8DF
:1022E0009430A96903F0100291420ED003F003026A
:1022F000022A3FF4BBAED9071BD4D4F89430AA69A4
:1023000023F010031343C4F89430D4F8943043F00E
:102310000103C4F89430FEF767FF0746D4F8943001
:102320009B073FF5FAAEFEF75FFFC01B1128F5D9FA
:102330003CE7D4F8943023F00103C4F89430FEF75E
:1023400053FF0746D4F894309A07D6D5FEF74CFFD2
:10235000C01B1128F6D929E7D4F8943023F00103E3
:10236000C4F89430FEF740FF0746D4F8943098073D
:102370007FF5D3AEFEF738FFC01B1128F5D915E75E
:10238000A36DD90030D4A36D43F08053A365A36D32
:1023900003F080530193019B0127DFF89082D8F866
:1023A0000030DA0522D5AA68D30733D4D4F89030A8
:1023B00023F00103C4F89030D4F8903023F00403E4
:1023C000C4F89030002A3CD1FEF70EFF41F2883964
:1023D0008046D4F890309B074BD4D4F8903023F04B
:1023E0008003C4F8903035E00027D6E7D8F80030F5
:1023F00043F48073C8F80030FEF7F6FE8146D8F843
:102400000030D805CFD4FEF7EFFEA0EB090002287C
:10241000F5D9CBE6D4F8903002F0800123F08003A8
:102420000B43C4F89030D4F89030510742BF43F0CA
:102430000403C4F89030D4F8903043F00103C4F89A
:102440009030FEF7D1FE41F288398046D4F89030C2
:102450009A0707D5002F3FF464AEA36D23F0805395
:10246000A3655EE6FEF7C0FEA0EB08004845EDD987
:102470009CE6FEF7B9FEA0EB08004845A9D995E611
:10248000AB6A9BB1D4F8983043F00103C4F898309C
:10249000FEF7AAFE0746D4F8983098073FF545AEF8
:1024A000FEF7A2FEC01B0228F5D97FE6D4F89830CB
:1024B00023F00103C4F89830FEF796FE0746D4F8DF
:1024C000983099077FF531AEFEF78EFEC01B0228CB
:1024D000F5D96BE6022B40F08C80E3682A6B03F0A1
:1024E0000301914222D1696B03F0F0020139B2EB92
:1024F000011F1BD1A96B03F4FE42B2EB012F15D1D2
:10250000E96B03F07842B2EBC16F0FD12A6C52082D
:1025100003F4C001013AB1EB425F07D16A6C520883
:1025200003F0C063013AB3EB426F49D00C2E3FF485
:102530009DAD23685A013FF599AD2368DB003FF557
:1025400095AD236823F080732360FEF74DFE0646A9
:1025500023689F012ED4E268324B13402A6B134349
:10256000AA6B43EA0223EA6B43EAC2636A6B013A4D
:1025700043EA02132A6C5208013A43EA42536A6C56
:102580005208013A43EA4263E360236843F08073F0
:102590002360E36843F08073E360FEF725FE0546A1
:1025A000236898013FF5C5ADFEF71EFE401B0228CB
:1025B000F6D9FBE5FEF718FE801B0228C8D9F5E521
:1025C000236899013FF5B5AD236843F0807323601C
:1025D000E36843F08073E360FEF706FE0546236878
:1025E0009A013FF5A6ADFEF7FFFD401B0228F6D984
:1025F000DCE50C2E3FF43AAD236823F080732360B2
:10260000FEF7F2FD054623689B0104D4E268064B01
:102610001340E3608DE5FEF7E7FD401B0228F2D989
:10262000C4E500BF0C809D01FCFFEEFE0070004081
:102630002DE9F8430E46054610B90120BDE8F883A0
:10264000704A136803F00F038B4243D329688F0746
:102650004BD4CC0776D56F686B4C032F236840F0C2
:10266000A5809801E9D5E36803F00303022B49D064
:10267000032B49D0012B49D12368644A190755BF60
:10268000D4F894302368C3F30323C3F3031352F83D
:102690002320E168E368C3F306235343E268C2F3EF
:1026A0004162C1F30311013252000131B3FBF1F376
:1026B000B3FBF2F3564A93422AD9A36813F0F00F02
:1026C00026D1A36823F0F00343F08003A3604FF00A
:1026D00080081FE0136823F00F030B431360136897
:1026E00003F00F038B42A8D1B0E7474AA86893686C
:1026F00003F0F003984281BF936823F0F003034393
:102700009360A6E7434AC4E7434AC2E70022C0E712
:102710004FF00008A36823F003033B43A360FEF7D8
:1027200063FD41F288390746A3686A6803F00C0329
:10273000B3EB820F4CD1B8F1000F03D0A36823F0A4
:10274000F003A36029688A070BD52F4AA86893680D
:1027500003F0F00398423FBF936823F0F003034374
:102760009360284A136803F00F03B34237D811F07F
:10277000040F254C3FD10B0706D5A3682A6923F423
:10278000605343EAC203A360FFF722FCA368234A15
:10279000C3F30313D35C03F01F03D840204B18602E
:1027A000204B1868BDE8F843FEF7DCBC022F08D1C7
:1027B00013F4003F3FF441AFFFF70AFC144B98427B
:1027C0007AE717B913F0020FF4E713F4806FF1E71B
:1027D000FEF70AFDC01B4845A6D903202EE7136863
:1027E00023F00F0333431360136803F00F03B34266
:1027F0007FF423AFBBE7A368EA6823F4E0631343E5
:10280000A360B8E7002002400010024080A000084A
:1028100000B4C4040024F40000127A00B0A0000840
:102820000000002008000020014B1868704700BF1E
:1028300000000020F8B53B4CE3689B0705460E46B8
:10284000006822D0E36803F00303834230D17BB3F6
:10285000236823F080632360FEF7C6FC07462368E5
:102860001A012ED46A68A868013A000212017EB3E8
:10287000012E266945D12B695B08591E2A4B33402E
:102880000343134343EA41532AE002280CD00328B0
:1028900010D001280CD123689F0718D5E36823F0D6
:1028A00003030343E360D3E7236813F4806FF5D198
:1028B00001200CE023689903F0D4236813F4802FDF
:1028C000F5E7FEF791FCC01B0228C8D90320F8BD2C
:1028D0002669EB68154940EAC36331400B43134353
:1028E0002361236843F080632360FEF77DFC064686
:1028F00023681B010FD52369AA69134323610020B4
:10290000E5E76B695B08591E094B334003431343EA
:1029100043EA4163E4E7FEF767FC801B0228E7D93E
:10292000D4E700BF001002400F809FFF0F80FF0719
:102930000F80FFF9F8B5354CE3689B0705460E4656
:10294000006821D0E36803F0030383422FD173B3FF
:10295000236823F080532360FEF746FC0746236874
:102960009A002DD46868AB6801381B02000176B369
:102970006A6966695208511E254A32401A43024369
:1029800042EA416262612BE002280CD0032810D099
:1029900001280CD123689F0718D5E36823F00303AF
:1029A0000343E360D4E7236813F4806FF5D101207B
:1029B0000CE023689903F0D4236813F4802FF5E723
:1029C000FEF712FCC01B0228C9D90320F8BDEA6833
:1029D000616943EAC2630F4A0A40134303436361D8
:1029E000236843F080532360FEF7FEFB064623680E
:1029F0009B0005D56369AA69134363610020E5E77D
:102A0000FEF7F2FB801B0228F1D9DEE7001002403E
:102A10000F80FFF90F80FF0703681A052DE9F347C0
:102A2000044627D5C16E402926D016D851B3202997
:102A30002FD001262368DB040DD5216FB1F5007F6F
:102A400000F0AA812CD8002900F0AC81B1F5807F7C
:102A500000F0AD810126354635E0602901D080299E
:102A6000E7D10E4AE16ED2F89C3023F0E0030B432D
:102A7000C2F89C300026DDE7084AD36843F480336F
:102A8000D360EEE70430FFF7D5FE06460028D1D12B
:102A9000E7E700212030FFF74DFFF6E70010024086
:102AA000B1F5407F02D0B1F5806FD3D13546002D0E
:102AB00040F08381B24A216FD2F89C3023F4E06366
:102AC0000B43C2F89C3023689F0338D5AC4FBB6DD5
:102AD000D80000F17481BB6D43F08053BB65BB6DC2
:102AE00003F080530193019B4FF00108DFF89492AB
:102AF000D9F8003043F48073C9F80030FEF774FB56
:102B00008246D9F80030D90540F15C81002D40F0B3
:102B10008E81D7F8903013F4407340F05D81D7F880
:102B20009030D4F8942023F440731343C7F89030C6
:102B3000B8F1000F03D0BB6D23F08053BB65236851
:102B4000D80708D58E49E06BD1F8882022F003021F
:102B50000243C1F88820990708D58949206CD1F82B
:102B6000882022F00C020243C1F888205A0708D5B9
:102B70008349606CD1F8882022F030020243C1F80A
:102B800088201F0708D57E49A06CD1F8882022F044
:102B9000C0020243C1F88820D80608D57849E06C05
:102BA000D1F8882022F440720243C1F888209906A7
:102BB00008D57349206DD1F8882022F44062024381
:102BC000C1F888209A0508D56D49606ED1F8882033
:102BD00022F440220243C1F888205F0508D56849E5
:102BE000A06ED1F8882022F440120243C1F8882058
:102BF000580608D56249606DD1F8882022F4405209
:102C00000243C1F88820190608D55D49A06DD1F8A6
:102C1000882022F440420243C1F88820DA0508D512
:102C20005749E06DD1F8882022F440320243C1F8C0
:102C30008820DF0208D55249206ED1F89C2022F06E
:102C400003020243C1F89C20980410D54C4A616FDE
:102C5000D2F8883023F040630B43B1F1006FC2F823
:102C6000883040F0E680D36843F48013D360236853
:102C700019030FD5A16F424BB1F5804FD3F89C20BB
:102C800040F0E38042F48042C3F89C20DA6842F4CA
:102C90008032DA6023685A0310D5394AE16FD2F8DE
:102CA000883023F040630B43B1F1006FC2F88830E5
:102CB00040F0DD80D36843F48013D36023685B0465
:102CC00013D52F49D4F88020D1F8883023F0405311
:102CD0001343B2F1805FC1F8883006D10221201D74
:102CE000FFF7A8FD051E18BF2E462268D70309D599
:102CF0002349D4F88400D1F89C3023F00403034323
:102D0000C1F89C30900209D51D49D4F88800D1F84B
:102D10009C3023F018030343C1F89C3051021CD5AA
:102D2000174F3B6823F080533B60FEF75DFA804607
:102D30003B689A0000F1A78085B9D7F89C30D4F899
:102D40008C2023F440331343C7F89C30022104F154
:102D50002000FFF7EFFD054600B935462368DB018B
:102D600016D5074AD4F89010D2F89C3023F44013BB
:102D70000B43B1F5001FC2F89C3009D104E000BF3D
:102D80000010024000700040D36843F48013D36009
:102D9000284602B0BDE8F087454AD36843F4803343
:102DA000D36083E6201DFFF745FD05467FE6002141
:102DB00004F12000FFF7BEFDF7E72E4683E64FF053
:102DC000000893E6FEF710FAA0EB0A0002287FF64F
:102DD00098AE03263546ABE6D4F8942093423FF4F0
:102DE0009EAED7F89020D7F8903043F48033C7F8E0
:102DF0009030D7F8903022F4407123F48033D2071A
:102E0000C7F89030C7F890107FF589AEFEF7ECF95F
:102E100041F2883A8146D7F890309B073FF57FAE64
:102E2000FEF7E2F9A0EB09005045F4D9D1E72E46B0
:102E30007EE6B1F1806F7FF41AAF0121201DFFF70C
:102E4000F9FC051E18BF2E4611E722F48042C3F894
:102E50009C20D3F8882022F040620A43B1F1006F31
:102E6000C3F8882018D1DA6842F4801211E7B1F172
:102E7000806F7FF423AF0121201DFFF7DBFC051ECF
:102E800018BF2E461AE7FEF7AFF9A0EB080002289C
:102E90007FF64EAF032561E7B1F1806F7FF4FAAEA4
:102EA0000121201DFFF7C6FC051E18BF2E46F1E6C6
:102EB00000100240024A136843F004031360704795
:102EC0000010024084B013B5044605A880E80E0047
:102ED000E36843F04003E36000230193019B013367
:102EE0000193019BB3F1706F24D82369002BF5DAAD
:102EF0000A230193019BD3B9236943F001032361A2
:102F0000019B01330193019BB3F1706F12D82069CB
:102F100010F00100F4D19DF81D306BB9A36B43F4A0
:102F20008033A36302B0BDE8104004B07047019B3A
:102F3000013BDEE70320EEE7A36B23F48033F0E7E9
:102F4000022A4AD1274B284A0B44934239D9274BAE
:102F5000274A0B44934236D9264AA1F57403A3F5B8
:102F60001053934231D9244AA1F18373A3F5E74367
:102F700093422CD3214B224A0B44934229D9214B13
:102F8000214A0B44934226D3204B214A0B449342BF
:102F900023D3204AA1F1B773A3F5585393421ED30C
:102FA0001D4B1E4A0B4493422CBF06230723C268C5
:102FB00022F47052C260C26842EA8323C3600020D8
:102FC00070470F23F3E70E23F1E70D23EFE70C2300
:102FD000EDE70B23EBE70A23E9E70923E7E70823FB
:102FE000E5E700BF405327FFFF340C00401E1BFFE6
:102FF0003F420F007F4F120020D6130060B6E5FE5F
:103000005FE3160000D3CEFE40771B00C05BB3FE2B
:10301000C091210020753800E05459FEE09C410029
:10302000836843F00103836000207047836823F0C6
:10303000010383600020704738B5C368012923F07D
:10304000C04305460C46C36014D1C36843F0005327
:10305000C36000240A20FEF7CDF86B69D90704F19C
:103060000A0402D4C82CF5D1C824A4F1C8035842DC
:10307000584138BD71B9C36843F08043C3600A202A
:10308000FEF7B8F86B69DA0704F10A04EDD5C82C2D
:10309000F5D1E9E70120ECE782B000230246019375
:1030A000019B01330193019BB3F1706F15D8136934
:1030B000002BF5DA8901002341F020010193116111
:1030C000019B01330193019BB3F1706F05D8106927
:1030D00010F02000F4D102B070470320FBE782B06B
:1030E000002302460193019B01330193019BB3F13D
:1030F000706F13D81369002BF5DA002301931023A6
:103100001361019B01330193019BB3F1706F05D8EB
:10311000106910F01000F4D102B070470320FBE7F3
:10312000D0F800381943C0F800180020704700009C
:1031300084B02DE9F843044609A880E80E00002376
:103140009DF824809DF82E70194603F1400204EB8F
:10315000820201330F2B5160F7D104F50066002F76
:1031600061D1736843F002037360A36B23F400130F
:10317000A363236843F040032360236843F0800384
:10318000236000250321C4F8005E2046FFF7C8FF36
:1031900010212046FFF780FF01462046FFF79FFFE2
:1031A0000843C0B2401B356118BF0120756104F5AA
:1031B0001063F5612A464FF090414FF0006C4FF6D6
:1031C0007F3EA84534D8002204F5306311464FF005
:1031D00090454FF0006C4FF67F3E90453AD83369EA
:1031E00023F4807333610023A3616FF08043636134
:1031F000A36943F01003A361A2691F4B1343A361AA
:103200009DF82A301BB1A36943F00803A361012F85
:1032100001BFA36943F0804343F00403A361BDE809
:10322000F84304B07047A36B43F40013A363A8E70B
:10323000D3F80090B9F1000F0ADA3DB9C3F800C025
:103240001A610135C3F808E02033BAE71960F7E7DF
:103250001A60F5E7D3F80090B9F1000F0ADA3AB92D
:10326000C3F800C019610132C3F808E02033B4E7A5
:103270001D60F7E71960F5E700383C80D0F80838A2
:1032800013F0020F00F5006014BF02200F207047FA
:1032900030B50C78012204F00F05AA404D78012DBD
:1032A00000F5006300EB441019D1DD692A43DA61AF
:1032B000D0F800391A0410D48A68D0F80059C2F343
:1032C0000A030A792B4343EA824343EA845343F0D7
:1032D000805343F40043C0F80039002030BDDC695E
:1032E00044EA0242DA61D0F8003B1B04F5D48B6853
:1032F000D0F8002BC3F30A0313430A7943EA82434D
:1033000043F0805343F40043C0F8003BE5E700007E
:1033100010B50A784978012900EB421300F50060E6
:1033200002F00F0222D1D3F8001900290BDAD3F8EA
:10333000001941F00061C3F80019D3F8001941F0F9
:103340008041C3F80019C46B012101FA02F224EA9A
:103350000204C463C16921EA0202C261D3F8001900
:10336000144A0A40C3F80029002010BDD3F8001BFE
:1033700000290BDAD3F8001B41F00061C3F8001BF1
:10338000D3F8001B41F08041C3F8001BC46B4FF41D
:10339000803101FA02F224EA0204C463C16921EA1D
:1033A0000202C261D3F8001B034A0A40C3F8002B93
:1033B000DAE700BF007833EC0078F3EF37B500228E
:1033C000009285680346487801281ED1097803F5E4
:1033D00010634A0103EB4111D458002C02DB00209A
:1033E00003B030BDD45844F00064D450D45844F0F5
:1033F0008044D450009B01330093009BB3F5702FA1
:10340000EED80B68002BF5DBE9E79A6922F0800221
:103410009A615A6903F5006412065EBF626842F45D
:1034200000726260AD063ED4009A01320092009AAA
:10343000B2F5702F35D85A69D006F5D500201A6A32
:103440000192019A00220092009A01320092009AA1
:10345000B2F5702F29D85A691206F5D50A7803F506
:103460003063510103EB4212CD5845F00065CD5059
:10347000CD5845F08045CD5000230093009B01338B
:103480000093009BB3F5702F11D893689B07F5D577
:10349000936843F002039360636843F4806363605E
:1034A0009EE70120CBE70020CCE70120D6E70120F2
:1034B000EEE74A780B78012A00EB431012D1D0F8DE
:1034C0000029002A06DB2BB1D0F8003923F0804315
:1034D000C0F80039D0F8003943F40013C0F80039BF
:1034E00000207047D0F8002B002A06DB2BB1D0F863
:1034F000003B23F08043C0F8003BD0F8003B43F48E
:103500000013C0F8003BEBE70B784A7800EB431060
:103510000B79012AA3F10203DBB20FD1D0F8002905
:10352000012B22F40012C0F8002905D8D0F8003988
:1035300043F08053C0F8003900207047D0F8002BCA
:1035400022F40012012BC0F8002B9EBFD0F8003BE4
:1035500043F08053C0F8003BEEE7033301329B0891
:1035600000EB023001EB8303994201D10020704748
:1035700051F8042B0260F7E72DE9F0414A7891F801
:1035800000E00B690E79012A8C465B4A5B4900EB2F
:103590004E1567D105F510642769F3B939402161EB
:1035A000216941F40021216121690A402261D5F895
:1035B0000029012E42F00442C5F800293ED04BB14B
:1035C000D0F834280EF00F0E012303FA0EF3134344
:1035D000C0F834380020BDE8F0813A402261226909
:1035E0000A402261DCF80820BEF1000F0DD19A429A
:1035F0003CBFCCF810201346226942F4002222611D
:103600002169C3F312020A43D0E73D4FD4F810807A
:10361000D1180139B1FBF2F18AB207EAC14141EA9E
:103620000801012E2161EBD1216921F0C041216106
:103630002169520702F0C0420A43E0E7D0F80828A7
:10364000DCF80C1012F4807FD5F800290CBF42F092
:10365000005242F08052C5F800299BB27246FFF733
:103660007CFFB7E7D5F8104B2240C5F8102BD5F8F2
:10367000102BDCF808400A4005F530673A61BEF1CE
:10368000000F23D10BB1CCF81040CCF820403B699F
:10369000C4F312041C433C613B6943F400233B61C7
:1036A000012E0CD1D0F8083813F4807FD5F8003BF8
:1036B0000CBF43F0005343F08053C5F8003BD5F8EE
:1036C000003B43F00443C5F8003B83E7002BDED00A
:1036D00023440B4A3969013BB3FBF4F39BB25C43CF
:1036E00002EAC3430B43CCF820403B613B69C4F37F
:1036F00012041C433C61D3E70000F8FFFFFF07E022
:103700000000F81F70B50023940800F5805502F002
:103710000302A34204D301EB840132B9084670BD11
:103720002E6841F823600133F3E700F58050002351
:103730000468D80024FA00F05854013398B2824249
:10374000F7D15018EBE7D0F8003823F4FE63C0F847
:103750000038D0F80038090101F4FE611943C0F8BF
:10376000001800207047D0F8003E23F00303C0F893
:10377000003ED0F8043823F00203C0F804380020DB
:103780007047D0F8003E23F00303C0F8003ED0F8A5
:10379000043843F00203C0F804380020704742693F
:1037A000806910407047D0F8183800F50060C06993
:1037B0001840000C7047D0F8183800F50060C06958
:1037C000184080B2704700EB411100F50060D1F85D
:1037D000082B406910407047D0F81028D0F83438D2
:1037E00000EB411001F00F01CB4000F51060DB0150
:1037F0008068DBB2134318407047406900F0010055
:103800007047D0F800396FF30A03C0F80039D0F8D8
:10381000043843F48073C0F8043800207047000077
:10382000016C0C4A914200F5306303D9D0F8002BAB
:10383000002A0DDB00221A611A6942F400221A6183
:103840001A6942F018021A611A6942F0C0421A61FC
:10385000002070470A30544FD0F8D43200EB830078
:1038600010B5D0F8C0428CB1D0F8C4321BB194F876
:103870000002FF2801D1002010BD9B6894F80122AE
:1038800021469847FF2384F80032F4E70320F3E74A
:103890000A230380004870478800002070B5822109
:1038A00006460F4800F085FB012105460C4800F054
:1038B00080FB812104460A4800F07BFB0DB11022F9
:1038C000AA711CB1402222710022627118B14022FB
:1038D00002710022427143230148338070BD00BF52
:1038E0000C000020FFF7DABF70B5822106460F48B2
:1038F00000F05FFB012105460C4800F05AFB8121D6
:1039000004460A4800F055FB0DB11022AA711CB103
:10391000002222710222627118B100220271022279
:10392000427143230148338070BD00BF0C0000206A
:1039300038B5D0F8D432B033044650F823508DB1A6
:1039400001F063F8D4F8D432C5F80C0204EB830418
:10395000D5F80402D4F8C43205F50371DB68984742
:10396000002038BD0320FCE7F8B5D0F8D46200EBA6
:1039700086060A46D6F8C05235B301F00F0C14275C
:1039800007FB0C077B698BB1D0F8C8424FF0240EBF
:103990000EFB0C44E469B3FBF4FC04FB1C332BB9B1
:1039A0007B611A4601F01BF80020F8BD0023C5F822
:1039B0001432D6F8C4321B69002BF5D0D5F80802B2
:1039C00005F504719847EFE70320EEE7D0F8D4320D
:1039D000F7B500EB83030022D3F8C0628DF8052011
:1039E00004460D46ADF80620002E65D091F800C0C3
:1039F0001CF0600229D0202A5AD1CA884F78F2B12F
:103A00001CF0800F0ED0D3F8C43231469B68384684
:103A10009847EA88072A28BF07223146204600F047
:103A200061FD09E0402A28BF402286F8007286F82E
:103A30000122314600F06CFD002003B0F0BDD3F848
:103A4000C43238469B689847F6E74B780B2B2FD843
:103A500001A252F823F000BF893A0008393A000861
:103A6000B13A0008B13A0008B13A0008B13A00088A
:103A7000B13A0008B13A0008B13A0008B13A00087A
:103A8000993A0008A93A000890F89C32032B0FD10C
:103A900002220DF10601C1E790F89C32032B07D1F9
:103AA00001220DF10501B9E790F89C32032BC3D038
:103AB0002946204600F0EFFC0320BEE738B5044657
:103AC0000025812100F04DFF012184F83750204668
:103AD00000F047FF84F877518221204600F041FF33
:103AE000D4F8D43284F84B5004EB83036564D3F8E4
:103AF000C0228AB1D3F8C4325B689847D4F8D43274
:103B0000B03354F8230000F0BBFFD4F8D432B03304
:103B100044F82350C4F8BC52002038BDF8B5044620
:103B20004FF4077000F0A8FF054630B9D4F8D4323E
:103B3000B03344F82300022046E04FF4077200211E
:103B400002F092FDD4F8D432B03344F82350237CF1
:103B5000C4F8BC52CBBB4FF4007381210222204633
:103B600000F0F1FE012184F837104FF400730222B7
:103B7000204600F0E8FE0126102303226364822120
:103B8000082384F87761204600F0DDFED4F8D432B3
:103B900084F84B6004EB83030027D3F8C432C5F8E4
:103BA00004721B689847D5F80422C5F81472C5F84A
:103BB0001872002ABFD0237C93B94FF400733146AA
:103BC000204600F017FF0020F8BD4023812102228B
:103BD000204600F0B8FE012184F837104023C6E7E4
:103BE0004023ECE739B1D0F8D43200EB8300C0F8C1
:103BF000C4120020704703207047D0F8D432B0338D
:103C000050F823302BB1C3F80812C3F8102200205B
:103C1000704703207047D0F8D432B03350F82330C7
:103C20001BB1C3F804120020704703207047D0F87E
:103C3000D432B03310B550F823207AB1D2F8144200
:103C400001236CB9C2F81432D2F810328362D2F870
:103C50000822812100F0C3FE204610BD0320FCE7AE
:103C60001846FAE7D0F8D422B03208B550F822202E
:103C700062B1037CD2F8042233B94FF400730121FE
:103C800000F0B8FE002008BD4023F8E70320FAE763
:103C900078B10023C0F8B832C0F8C432C0F8D032CE
:103CA00009B1C0F8B412012380F89C32027000F010
:103CB00015BE0320704713B500230446ADF8063047
:103CC00081B1CB6AC0F8B81223B10DF10600984754
:103CD000C4F8D002D4F8D8320133C4F8D832002066
:103CE00002B010BD0320FBE700F022BED0F8B832CE
:103CF0000BB11B6818471846704708B5D0F8B832A2
:103D00005B689847002818BF032008BD38B50446F3
:103D100000F2AA25284600F0B3FB012394F8AA126A
:103D2000C4F89432B4F8B032C4F8983201F01F03EA
:103D3000012B08D0022B0CD08BB929462046BDE8B8
:103D4000384000F053B929462046BDE8384000F01D
:103D5000C5BA29462046BDE8384000F0EEBA2046F4
:103D600001F08001BDE8384000F006BE70B50446A1
:103D700039BBD0F89432032B12D1D0F85831B0F8B7
:103D8000602193420ED9D0F864119B1A11449A42D3
:103D9000C0F85831C0F8641138BF1A4600F0C9FBAA
:103DA000002070BD90F89C32032B06D1D0F8B832B9
:103DB0001B6913B1C0F8D4129847204600F0C1FB2C
:103DC000EEE790F89C32032BEAD1D0F8B8329B6929
:103DD000002BE5D00022BDE87040C0F8D42218477F
:103DE00070B504460D4600293FD1D0F89432022B1D
:103DF00010D18269038C9A4214D9416AD21A1944AB
:103E00008261416200F07CFB2B462A46294620460F
:103E100000F0F0FD94F8A03213B1002384F8A03232
:103E2000002070BD0CD143699A4209D8D0F898227D
:103E3000934205D20A4600F063FBC4F89852E3E7C8
:103E400094F89C32032B08D1D4F8B832DB6823B144
:103E50000022C4F8D422204698478021204600F052
:103E60008BFD204600F078FBD4E790F89C32032BC2
:103E7000D6D1D0F8B8325B69002BD1D00022BDE892
:103E80007040C0F8D4221847F8B5012380F89C325E
:103E9000D0F8B83200210446C0F894124160C0F84E
:103EA000A41280F8A012BBB90026002240251146BA
:103EB00001274023204600F046FD84F86371A4F8F2
:103EC00060512B4600228021204600F03CFD84F802
:103ED000237025843046F8BD5B68002BE4D09847FA
:103EE0000028E1D00326E0E701740020704790F835
:103EF0009C32042B1EBF90F89C32DBB280F89D32BE
:103F0000042380F89C320020704790F89C32042BE8
:103F100002BF90F89D32DBB280F89C3200207047DF
:103F200008B590F89C22032A05D1D0F8B83213B115
:103F3000DB6903B19847002008BDD0F8D422AE3227
:103F400008B550F822204AB190F89C32032B01D1D9
:103F5000136A0BB9002008BD9847FBE70320FAE776
:103F6000D0F8D422AE3208B550F822204AB190F8E9
:103F70009C32032B01D1536A0BB9002008BD98472E
:103F8000FBE70320FAE700207047012208B580F81C
:103F90009C22D0F8B8220AB9002008BD52680179E5
:103FA00090470028F8D00320F7E700207047002052
:103FB000704710B5428803789A420AD904782044A1
:103FC00023444478052C9BB2F6D184788C42F3D1FB
:103FD00010BD0020FCE710B58021044600F0CCFCA9
:103FE00020460021BDE8104000F0C6BC73B50B7838
:103FF00003F06003202B04460D4609D0402B07D068
:1040000093B12046FFF7E7FF0025284602B070BDB8
:10401000D4F8D432AE33294654F823309B68204676
:1040200002B0BDE8704018474B78092BE9D801A2CF
:1040300052F823F07D420008C14200080340000806
:10404000A542000803400008774100085D400008D1
:104050000340000851420008B94100080023ADF8B0
:1040600006304B881A0A013A0E2ACAD801A151F823
:1040700022F000BFBB400008ED40000807410008E7
:104080000340000803400008494100085F41000860
:1040900003400008034000080340000803400008F4
:1040A000034000080340000803400008B140000836
:1040B000D0F8B432DB691BB9A3E7D0F8B4321B687F
:1040C000207C0DF106019847EA88002A00F0A380C1
:1040D000BDF80630002B94D09A4228BF1A46ADF89E
:1040E00006200146204600F0FDF98DE7027CD0F85D
:1040F000B83232B99B6A0DF106009847022343702B
:10410000E2E7DB6AF7E7DBB2052B3FF67AAFDFE8E1
:1041100003F003070B0F1317D0F8B4325B68CAE73C
:10412000D0F8B4329B68C6E7D0F8B432DB68C2E797
:10413000D0F8B4321B69BEE7D0F8B4325B69BAE795
:10414000D0F8B4329B69B6E7037C002B7FF459AFFB
:10415000D0F8B8320DF106005B6B9847B4E7037CEA
:10416000002B7FF44EAFD0F8B8320DF106001B6B78
:1041700098470723C3E78B88002B7FF442AFCB8897
:10418000002B7FF43EAF4D887F2D3FF63AAF90F87D
:104190009C32032B3FF435AFEDB280F89E52294696
:1041A00000F012FC204600F0CCF91DB1022384F887
:1041B0009C3229E70123FAE78978474D01292970C4
:1041C00003D9FFF708FF03251FE790F89C32022B65
:1041D000DEB208D0032E17D0FFF7FDFE2978204667
:1041E000FFF78BFDEFE7B1B101214160FFF77EFDE5
:1041F0000546204625B1FFF7EEFE84F89C6204E7F1
:1042000000F09FF90323D2E749B9022380F89C32DA
:104210004160FFF772FD204600F093F9F4E6416833
:104220000129F8D0C9B2FFF768FD297861602046FE
:10423000FFF75CFD05460028EDD02046FFF7CBFEDA
:1042400021792046FFF759FD022384F89C32DCE6F1
:10425000CA88012A7FF4D5AE90F89C120229CBB20D
:1042600007D8002B3FF4CDAE0146002341F8083FAC
:1042700038E7032B7FF4C5AE011D33E790F89C327D
:10428000013B022B3FF6BDAECA88022A7FF4B9AECD
:10429000D0F8A4320146002B0CBF0123032341F8C0
:1042A0000C3F1FE74B88012B02D1C4F8A432B2E7C0
:1042B000022B7FF4A6AE8B881B0A80F8A032AAE7F7
:1042C00090F89C32013B022B3FF69BAE4B88012BB2
:1042D0007FF49AAE0023E8E71403002070B50B7852
:1042E00003F060025B0604460E4601D5402A1FD14A
:1042F00094F89C32013B022B1AD8317901292046CF
:1043000017D8FFF752FE88B9D4F8B8329B686BB162
:10431000C4F8D4023146204698470546F3881BB9B5
:1043200015B9204600F00DF9284670BD0325F5E7C4
:104330002046FFF750FE0025F6E770B50B788A8817
:104340000D7903F06003202B04460E4658D0402B15
:1043500056D01BB12046FFF73EFE3DE04B78012BC7
:104360003CD0032B25D0002BF4D190F89C32022BAB
:10437000D9B261D00329EDD105F00F0312F0800FFF
:104380004FF0140202FB030366D093F82330002B96
:10439000E0D005F07F03142603FB0666802D06445B
:1043A00066D02946204600F0FDFA002866D0012399
:1043B0005FE090F89C32022BDAB233D0032AC9D1E5
:1043C0004B8833B9690604D0F38813B9294600F045
:1043D000D3FA204600F0B5F8002070BD90F89C326A
:1043E000022BDAB21ED0032AB4D14B88002BF3D1B2
:1043F0006B0602D0294600F0CAFA204600F0A1F868
:1044000029462046FFF7D3FD0028E5D1D4F8B8327D
:10441000C4F8D4029B68002BDED031462046BDE8AC
:10442000704018476A0695D0294600F0A5FA802109
:10443000204600F0A1FACFE769068BD113064CBFE6
:1044400000F1140100F5AA71002301F80E3F0222C9
:10445000204600F047F8BFE793F86331002B3FF4A4
:1044600079AF142606FB050606F5AA76002D98D12D
:104470000023B373022206F10E01E9E7B073F9E7F6
:104480000B7803704B7843704B8843808B88838014
:10449000CB88C380704710B58021044600F06CFAC9
:1044A00020460021BDE8104000F066BA70B50D4608
:1044B0001646044670B1FBF7F3FEC3B201335B004E
:1044C00033802B7003236B70013C0223002114F80E
:1044D000012F02B970BDEA545A1CD2B20233A9545A
:1044E000DBB2F4E710B513460222C0F89422436110
:1044F0000A4641628361002100F071FA002010BD7C
:1045000008B513460A46002100F069FA002008BDEC
:1045100010B513460322C0F89422C0F854310A465D
:10452000C0F86411C0F85831002100F063FA00208F
:1045300010BD08B513460A46002100F05BFA0020C2
:1045400008BD08B504220023C0F8942219461A4673
:1045500000F045FA002008BD08B505220023C0F888
:10456000942219461A4600F045FA002008BD0000C2
:1045700008B50F490F480022FFF78AFB08B1FCF786
:104580003DFD0D490B48FFF796FB08B1FCF736FDE2
:104590000A490848FFF726FB08B1FCF72FFD05483C
:1045A000FFF7A2FB18B1BDE80840FCF727BD08BD26
:1045B000E800002018030020500000209400002094
:1045C00000207047002070470020704708B5014662
:1045D0000348FFF720FB0248FFF744FB002008BD1B
:1045E0001803002008B5002204490548FFF705FB21
:1045F00004490348FFF70FFB002008BDF405002025
:1046000018030020F40D002010B5094CD4F8BC327A
:10461000D3F814320A4643B901462046FFF7EDFAB3
:104620002046BDE81040FFF702BB012010BD00BFCF
:1046300018030020122301480B807047D40000208B
:10464000042301480B807047C40000200C2301485C
:104650000B807047C8000020002370B54D1C1E461B
:10466000040FB0F1204F34BF3034373401F8134019
:1046700005F813600133DCB2A2424FEA0010EFD814
:1046800070BD00001A2310B50B800A4BD3F89005BB
:10469000D3F8982580180AD0D3F894450649082203
:1046A000FFF7DAFF042210312046FFF7D5FF034859
:1046B00010BD00BF0070FF1FAA000020A80000204E
:1046C00008B50A4602480349FFF7F0FE014808BD55
:1046D000679E0008F415002008B50A460248034901
:1046E000FFF7E4FE014808BD7A9E0008F41500209B
:1046F00008B50A4602480349FFF7D8FE014808BD3D
:10470000909E0008F415002008B50A4602480349A7
:10471000FFF7CCFE014808BD9B9E0008F415002061
:1047200010B5AEB004461422002103A801F09CFF8E
:104730009822002108A801F097FF2368B3F1A04F49
:1047400055D14FF4005308934FF080632593012314
:10475000CDE909334FF0180E0223CDE90BE3CDE983
:104760000D3308A84FF480130F93FEF755F908B1E5
:10477000FCF744FC204CE36C43F00103E364E36C7E
:1047800003F001030093009B4FF4C0520223CDE9D4
:10479000032300210323CDE905134FF090400A23A2
:1047A00003A90793FCF7A0FDE36C43F48053E36493
:1047B000E36C03F480530193019BA36DD80018D4DC
:1047C000A36D43F08053A365A36D03F08053029360
:1047D000029BFDF7B7FBA36D23F08053A365002276
:1047E00043201146FCF72CFD4320FCF75BFD2EB067
:1047F00010BDFDF7A7FBF2E70010024000F29C415C
:10480000D0F8E004FFF782BA242303FB0103D0F8B9
:10481000E004D3F86022FFF7A9BA242303FB0103C5
:10482000D0F8E0041A6AFFF7DBBAD0F8E004FFF72B
:1048300077BB10B5C379022B044601D0FCF7DEFB31
:10484000D4F8E0040121FFF74FFBD4F8E004BDE801
:104850001040FFF719BB00000268D2F8003E10B507
:1048600043F001030446C2F8003ED0F8E004FFF72D
:104870003EFBE37A23B1034A136943F00603136155
:1048800010BD00BF00ED00E0026810B5D2F8003E98
:1048900023F00103C2F8003EC37A044633B1064A4E
:1048A000136923F006031361FCF75CFAD4F8E00403
:1048B000BDE81040FFF729BB00ED00E0D0F8E004B0
:1048C000FFF74EBBD0F8E004FFF737BBD0F8E004A9
:1048D000FFF759BBD0F8E004FFF757BB08B50278E3
:1048E00003460ABB1148C0F8E034C3F8C8024FF0D1
:1048F000A0430360062303710223C3714372428104
:10490000C260FCF7C7FD08B1FCF778FB80210748BF
:10491000FDF791FA402200210448FDF76DFA0348A3
:1049200080220121FDF768FA002008BD141A00203A
:1049300008B5D0F8C802FCF71EFE18B102280CBF5B
:104940000120032008BD10B51446D0F8C8021A464D
:104950002346FCF73FFE18B102280CBF01200320BC
:1049600010BD08B5D0F8C802FCF769FE18B10228DE
:104970000CBF0120032008BD08B5D0F8C802FCF721
:10498000BCFE18B102280CBF0120032008BD08B5E9
:10499000D0F8C802FCF7E7FE18B102280CBF0120CE
:1049A000032008BD11F0800FD0F8C8324FF0240268
:1049B0001BBF01F07F0102FB013302FB0133987D35
:1049C00008BF93F85602704708B5D0F8C802FCF744
:1049D000EEFD18B102280CBF0120032008BD08B568
:1049E000D0F8C802FCF774FE18B102280CBF0120F1
:1049F000032008BD08B5D0F8C802FCF74AFE18B17C
:104A000002280CBF0120032008BDD0F8C802FCF723
:104A100057BE000010B5044611B1012916D010BDD3
:104A2000C37A33B1FCF79EF9124A136923F00603E7
:104A300013612268D4F8E004D2F8003E23F00103A9
:104A4000BDE81040C2F8003EFFF75FBA0268D0F838
:104A5000E004D2F8003E43F00103C2F8003EFFF745
:104A600046FAE37A002BDAD0024A136943F00603D0
:104A70001361D4E700ED00E000487047F417002010
:104A80007047000010EE103A194923F000428A42A4
:104A90001AD9B2F1FF4F02D330EE400A704700B589
:104AA00083B0684600F0F2F800F0030001289DEDA5
:104AB000000ADDED010A12D002280AD090B90120C7
:104AC00000F09CF803B000BDDFED0A0A002000F002
:104AD00095B8012000F092F8B1EE400AF2E700F03C
:104AE0000BF8EFE700F008F8B1EE400AEAE700BF84
:104AF000D80F493F0000000010EE103A23F00043A9
:104B0000B3F1485F2CD2FDEEC07A17EE903A002B3D
:104B100060D060EE007A9FED317A9FED315ADFED83
:104B2000315A9FED316ADFED316AA7EE875A9FED6A
:104B3000307AE7EE855AA7EEA56AA7EE867AE7EE09
:104B4000876A67EEA66A60EEC00AB6EE007AE7EE04
:104B5000A60AB7EE000AD7EE870A30EE600A704761
:104B600060EE007A9FED1D7A9FED1D5ADFED1D5A14
:104B70009FED1D6ADFED1D6A1E4AA7EE875A93421C
:104B80009FED1B7AE5EE275AA5EEA76AA6EE277AD7
:104B9000E7EE276A66EEA76AD5D9174A934214D87A
:104BA00003F17F4307EE103AB7EE006A36EE476A2C
:104BB00060EEC00AF6EE005A97EEA57AE7EEA60A76
:104BC00037EE607A36EE470A7047B6EE076AB5EE02
:104BD000027AEDE7B7EE000A704700BF4ED747AD47
:104BE000F6740F317CF293B4010DD037ABAA2A3D95
:104BF000610BB6BA9999993E0000483F10EE103A01
:104C000023F00043B3F1485F04D2FDEEC07A17EE03
:104C1000903A5BB360EE007A9FED157ADFED155A9E
:104C20009FED156ADFED156AE7EE875A9FED147A5E
:104C3000A5EEA76A20EE275AE6EE276AA6EEA77A27
:104C400030B9DFED106AE7EE876AA6EE850A704795
:104C500027EE457AF6EE006AA0EEA67ADFED0A6A44
:104C6000D7EE270AE5EE260A30EE600A704700BF4D
:104C7000D3C92E2F342FD7B21BEF3836010D50B9C0
:104C80008988083CABAA2ABEABAA2A3E70B510EEB2
:104C9000103A8B4A23F00044944286B0054671D9FD
:104CA000884A94421E4624D823F00042002BDFEDB0
:104CB000867A864922F00F02B0EE407A40F3E68011
:104CC0008A4270EE677A09BF9FED817ADFED816AD3
:104CD000DFED816A77EEC77A37EEE67A77EEC77A4C
:104CE00080ED007A77EEE67AC0ED017A012006B019
:104CF00070BD7A4A944253D9B4F1FF4F49D2E215BC
:104D0000863AA4EBC25307EE903ABDEEE77ADFEDA8
:104D1000746AB8EEC77A77EEC77A8DED037A67EEDC
:104D2000A67ABDEEE77AB8EEC77A77EEC77A8DED50
:104D3000047A67EEA67AF5EE407AF1EE10FACDED40
:104D4000057A40F08E80B5EE407AF1EE10FA40F030
:104D50008A800123634901910221009103A8294619
:104D600000F0D2F8002EC2DA95ED007AD5ED017A86
:104D7000B1EE477AF1EE677A85ED007AC5ED017AFA
:104D80004042B4E7002285ED000A4260002006B0F0
:104D900070BD70EE407AC0ED017AC0ED007AF5E7A3
:104DA00000F0AAF89FED507A9FED476AF6EE007A80
:104DB000E0EE077A9FED477AFDEEE77AF8EEE76AD4
:104DC00017EE900AA6EEC60A1F2866EE877AB1EEA5
:104DD000666A30EE677A1EDC444A411E26F00043C4
:104DE00052F8212023F0FF03934214D085ED007A7E
:104DF00030EE470A002E30EE670A85ED010ABFF655
:104E000076AFB1EE477AB1EE400A85ED007A85EDD6
:104E1000010A40426BE717EE103AC3F3C753C3EBE6
:104E2000D453082B4FEAE452E0DD9FED297A9FED41
:104E30002A5AF0EE405AE6EE075A70EE657AE6EE30
:104E4000077AD6EE857A35EEE77A17EE103AC3F395
:104E5000C753D21A192A08DCB0EE650A85ED007A2C
:104E6000C6E7032376E7022374E79FED217A9FEDDF
:104E7000215AB0EE650AA6EE070A75EEC07AE6EE94
:104E8000077AD6EE857A30EE677AAFE78A4270EE1F
:104E9000277A09BF9FED0E7ADFED0E6ADFED0E6A0D
:104EA00077EE877A37EEA67A77EEC77A80ED007ACA
:104EB00077EEA67AC0ED017A4FF0FF3017E700BF1A
:104EC000D80F493FE3CB1640800FC93FD00FC93FF1
:104ED000004435374344353708A3852E800F4943B6
:104EE0000000804340A1000884F9223FC0A00008D0
:104EF00000A3852E32318D2410EE103A23F00043AA
:104F000000EE103A704700BF2DE9F04F2DED048BF5
:104F1000DBB01C46944603930A46BA4B68991CF1D1
:104F2000040F53F82170824604F1FF39C0F2568213
:104F3000BCF1030348BF0CF10403DB1002930133FF
:104F40004FEAC30EACEB0E030593029B17EB09006F
:104F5000A3EB090316D401309FEDAB7A699C18448A
:104F60001EA9002BA4BF54F8235007EE905A03F15A
:104F70000103ACBFF8EEE77AF0EE477A8342E1EC4A
:104F8000017AEED1002FC0F2E28203991EA800EB55
:104F900081004FEA81087E18002346AD4C460AEB9B
:104FA0008101B9F1000F80F2C8800134B44245F8A4
:104FB000043B00F10400F4D10DF1280B0BEB870347
:104FC000CDE9062E043B9FED929ADFED908A05987D
:104FD00004930AEB080446AE0BEB87080097CDF864
:104FE00020C00DEB8703002F93ED460A4FEA87059B
:104FF00015DD73195A4660EE097AB0EE407AFDEE7F
:10500000E77A73ED016AF8EEE77AB342A7EEE87A41
:1050100037EEA60ABDEEC77AA2EC017AEBD1019079
:1050200000F0B8FAF4EE007AB0EE408A20EE270ADB
:1050300000F01EFBF2EE007AA0EE678A01980028CD
:10504000FDEEC89AF8EEE97A38EE678A40F382807E
:10505000791EC0F108035BF821E04EFA03FC0CFA5C
:1050600003F3AEEB030EC0F1070219EE903A4EFACD
:1050700002F26344002A09EE903A4BF821E000F373
:10508000AF80B5EE408AF1EE10FA74D1009B9F42DA
:105090000ADD5D44002355F8041D454543EA01033C
:1050A000F9D1002B40F00281009B013B5BF82320EB
:1050B0007B1C9C46002A40F0F780049A012152F89C
:1050C000045D0131002DFAD03944029D039A05EBAD
:1050D000030E0EF1804E699D0EF1FF3E3A4405EB42
:1050E0008E0E1EAD06EB830705EB8205DEED017A21
:1050F000F8EEE77AB9F1000F0EF1040EE5EC017A53
:10510000DFED417A09DB2A465346F3EC016A32EDC2
:10511000017AA342E6EE877AF7D10CF1010C8C45B7
:10512000E7EC017AE2DD0F465BE70134B442E5ECDF
:10513000017A00F104003FF43FAFDFED337A83469C
:105140005346F3EC016A3BED017A8B42E6EE877A37
:10515000F7D1EAE700F09180F6EE007AB4EEE78A44
:10516000F1EE10FA80F22981B5EE408AF1EE10FAE4
:105170004FF000028AD09246DDE9062EDDF820C00D
:105180000197AEEB0C00B0EE480A009F009200F0D1
:1051900001FADFED1E6AB4EEE60AF1EE10FADDE97F
:1051A0000023F0EE407AC0F29C819FED197A0599B8
:1051B00020EE077A0831BDEEC77A0591B8EEC77ABE
:1051C0005C1CE7EE667ABDEEC77AFDEEE77A17EE75
:1051D000901A4BF8231017EE103A4BF824307EE06B
:1051E0000133002F09EE903A40F39D8159464FF06C
:1051F000000E51F8043B002B39D0C3F5807341F801
:10520000043C0CE084A4000800000000000080437F
:105210000000803B0B68C3F1FF0341F8043B0EF133
:10522000010E7745F6DC01239E4600280BDD0128A0
:1052300000F0BB80022806D1791E5BF8213003F014
:105240003F0C4BF821C0022A7FF41BAFB7EE000AD7
:10525000734630EE488A002B3FF413AF0992019059
:1052600000F098F90198099A38EE408A09E70EF1A2
:10527000010E7745BDDC9E46D7E77B1E5BF82320F9
:10528000D211002A7FF7FDAE19EE903A002F03F1FC
:10529000010309EE903AA9DC022A7FF4F2AEF7EEA0
:1052A000007A37EEC88AECE619460EE73B4692468E
:1052B000DDE905125C1EA1F108005BF82410009FD7
:1052C000059061B903F18043013B0BEB8303014679
:1052D00053F8040D013C08390028F9D005910598D0
:1052E0000092B7EE000A00F055F9002C009AB0EEDB
:1052F000407AC0F22281601C46AD5FED3B6A8100BE
:105300000BEB800305EB800073ED017AF8EEE77A92
:105310005B4567EE877A27EE267A60ED017AF3D156
:105320000DF1C8080E1F2E44C646A4460025002FC6
:105330007DDBDFF85C92DFED957A3046002307E0F5
:10534000F9EC016AB0EC017A9F42E6EE877A03DB62
:105350009D4203F10103F3DA0CF1FF3CBCF1FF3F86
:10536000EEEC017A05F10105A6F10406E1D1689B96
:10537000022B6ADC002B36DC0ED1DFED847A41444F
:1053800031ED017A884577EE877AF9D15346002BC3
:1053900040F0C680C2ED007A19EE903A03F00700A3
:1053A0005BB0BDEC048BBDE8F08F791E5BF821305B
:1053B00003F07F0C4BF821C045E719EE903A002F1F
:1053C00003F1010309EE903AC8BF02223FF70EAF86
:1053D000F7EE007A37EEC88A022252E600234FF039
:1053E000080E0293AEE5DDED327A9FED687A414416
:1053F00071ED016A884537EE267AF9D15346002BC4
:1054000040F0848077EEC77A82ED007A64B133A9E8
:105410000123B1EC017A01339C4277EE877AF8DA06
:1054200053460BB1F1EE677AC2ED017AB4E70CF1A5
:10543000FF3C0023BCF1FF3F4EF8043B05F10105A2
:10544000A6F104067FF473AF91E7689B032BA3D109
:10545000002C00F08C8008EB840595ED007AA0000C
:105460002B46294671ED017AF0EE476A37EE277A2E
:10547000884577EEC77A81ED007A77EEA67AC1ED9E
:10548000017AEFD1012C72D095ED007A08F1040178
:1054900073ED017AF0EE476A37EE277A994277EE9C
:1054A000C77A83ED007A77EEA67AC3ED017AEFD161
:1054B000031DDFED367A434408F1080833ED017A25
:1054C000984577EE877AF9D15346DDED326A9DED46
:1054D000337A73B9C2ED006A82ED017AC2ED027AC5
:1054E0005AE7FDEEC07A1C4617EE901A4BF82310CF
:1054F000F5E6F1EE666AB1EE477AF1EE677AC2ED53
:10550000006A82ED017AC2ED027A45E7F1EE476A60
:1055100077EEC77AC2ED006A002C7FF478AF81E79E
:10552000F1EE677A36E7012815D002287FF4B4AE91
:105530000EF03F034BF82130AEE6689B022B12DCE5
:10554000002B17DC7FF428AFDFED107A1EE7039BFA
:105550004FEA830830E50EF07F03022A4BF8213032
:105560007FF48FAD9BE6689B032B7FF415AFDFEDD7
:10557000077AA9E75346DDED327A1BB14FF00043BD
:1055800013604FE7002313604EE700BF00000000E8
:1055900058A4000810EE103A33F000411A4625D006
:1055A000B1F1FF4F1FD213F0FF4F20D1DFED297A69
:1055B000294A60EE277A904217EE903A31DB4CF29E
:1055C000503CC3F3C75160451A46A1F1190114DDDF
:1055D000002BDFED227A9FED210AB8BFDFED207AA4
:1055E00027EE800A704730EE000A704770474CF291
:1055F000503C60454FEAD151EADC0144FE29E7DC2A
:10560000002915DC11F1160F19DB193122F0FF42C8
:1056100042EAC15207EE902A9FED120A27EE800A55
:105620007047DFED117A07EE103A27EE270A704730
:1056300022F0FF4242EAC15300EE103A7047002BBD
:10564000DFED097A9FED080AB8BFDFED087A27EE93
:10565000800A70470000004CB03CFFFFCAF249715D
:10566000CAF249F1000000336042A20D6042A28DEF
:1056700010EE102AC2F3C7537F3B162B22F00041D5
:105680001BDC002B10461EDB1A4919410A4223D0AD
:10569000DFED197A70EE277AF5EEC07AF1EE10FAA6
:1056A0001ADD002A04DA4FF4000242FA03F3184428
:1056B00020EA010300EE103A7047B1F1FF4F0BD31F
:1056C00030EE000A7047DFED0C7A70EE277AF5EEC7
:1056D000C07AF1EE10FA00DC7047002A02DB9FED81
:1056E000070A704711B99FED060A7047BFEE000A1E
:1056F000F2E700BFFFFF7F00CAF24971000000001F
:10570000000000802DE9FF4757EC106B002F0C467E
:1057100019463B46BBBF07F100431F4600232D231C
:105720000B700D9BDDF830A0914623F02008BCBF24
:1057300032461646B8F1460F05D0B8F1450F00D1F4
:105740000134022100E0032103AB019302AB00937B
:1057500047EC106B5346224601F0B2F8B8F1470F00
:10576000054619D119F0010F0ED000EB04090022F3
:10577000002330463946FBF7BFF908B1CDF80C904D
:105780003022039B4B451ED3039B0E9A5B1B28467E
:10579000136004B0BDE8F087B8F1460F00EB0409D0
:1057A000E5D10378302B0AD1002200233046394658
:1057B000FBF7A2F918B9C4F10104CAF80040DAF8FD
:1057C00000309944D3E7591C03911A70D9E7F7B513
:1057D0000029BABF49422D232B23092902704370A7
:1057E00029DD0DF1070425460A272246B1FBF7F60D
:1057F00007FB1613303302F8013C0B46632B04F110
:10580000FF343146F1DC3031931E04F8011C411C99
:105810001C46AB420AD30DF109039B1AA54238BFBF
:105820000023821C1344181A03B0F0BD13F8016B57
:1058300001F8016FEDE7302330318370C170031D33
:10584000F1E700002DE9F04F8DB00C46DDF85880EF
:1058500016461F46054600F00FFF036806931846DC
:10586000FAF71EFD00230A93D8F8003094F818A028
:10587000D4F800B00790073323F00703B3EC027BA2
:105880008DED047BC8F80030DDE9048323F0004986
:1058900084ED127B9C4B4FF0FF3240464946FBF7AC
:1058A0005DF970BB984B4FF0FF3240464946FBF71D
:1058B00037F930BBDDE9040100220023FBF726F9AC
:1058C00010B12D2384F84330904A914BBAF1470F21
:1058D0008CBF90469846032323612BF0040323607A
:1058E0004FF00009009733460BAA2146284600F0E6
:1058F000D1F9013040F08C804FF0FF300DB0BDE8A1
:10590000F08FDDE9042310461946FBF727F940B173
:10591000059B804A002BBCBF2D2384F843307E4B6F
:10592000D4E763685A1C0AF0DF093BD106236360A1
:105930004BF480620023226003930AABCDE901A3FC
:1059400009AB009361689DED040B0DF1230328461C
:10595000FFF7D8FEB9F1470F0999804629D1C81C35
:1059600002DB63688B4241DAAAF1020A5FFA8AFA23
:105970000139524604F150000991FFF728FF0A9AB5
:105980001318012A8146236102DC2268D20701D55F
:10599000013323619DF82330002BA3D02D2384F8FD
:1059A00043309FE7B9F1470FC2D1002BC0D101238B
:1059B000BDE7BAF1650FDBD9BAF1660F18D100293E
:1059C00063680BDD216113B92268D00702D501336A
:1059D0000B442361A1654FF00009DBE713B922688E
:1059E000D20701D50233F4E70123F2E74FF0670A4B
:1059F0000A9B8B4205DC23682161D807EAD54B1C42
:105A0000E7E70029D4BFC1F1020201221344E0E715
:105A100023685A0507D42369424631462846B847C9
:105A200001302BD168E7BAF1650F40F2DD80D4E98F
:105A3000120100220023FBF75FF8002833D0374A19
:105A4000012331462846B84701303FF455AFDDE920
:105A50000938434502DB2368D8070FD5DDE9062363
:105A600031462846B84701303FF446AF4FF00009B1
:105A700008F1FF3804F11A0AC84509DC23689B07BE
:105A800000F10381E0680B9B9842B8BF184635E7E8
:105A90000123524631462846B84701303FF42CAF27
:105AA00009F10109E8E7099B002B39DC1B4A0123B6
:105AB00031462846B84701303FF41EAFDDE90939C9
:105AC00059EA030302D12368D907D7D5DDE90623B4
:105AD00031462846B84701303FF40EAF4FF0000A78
:105AE00004F11A0B099B5B42534501DC4B4693E7DB
:105AF00001235A4631462846B84701303FF4FCAEF0
:105B00000AF1010AEEE700BFFFFFEF7FAD9E00083C
:105B1000A99E0008B59E0008B19E0008B99E000825
:105B2000A36DDDF828A05345A8BF5346002B994626
:105B300036DC4FF0000B29EAE97904F11A02A36D73
:105B40000493A3EB09035B4531DC099B9A453ADCDE
:105B50002368DA0737D4099BAAEB0309049BAAEB55
:105B600003039945A8BF9946B9F1000F33DC4FF004
:105B7000000829EAE97904F11A0B099BAAEB03034F
:105B8000A3EB090343457FF779AF01235A4631461A
:105B90002846B84701303FF4AFAE08F10108ECE702
:105BA000424631462846B8470130C2D1A4E6012317
:105BB000314628460492B84701303FF49DAE049A1E
:105BC0000BF1010BBBE7DDE9062331462846B84758
:105BD0000130C0D190E6049A4B46424431462846F3
:105BE000B8470130C3D187E6DDF828A0BAF1010F2C
:105BF00001DCDB0736D50123424631462846B8474B
:105C000001303FF479AEDDE9062331462846B84736
:105C100001303FF471AED4E91201002200230AF1F1
:105C2000FF3AFAF769FFC0B9534608F1010231465D
:105C30002846B84701300CD15EE601235A4631466A
:105C40002846B84701303FF457AE08F10108D04567
:105C5000F3DB4B4604F15002DFE64FF0000804F19D
:105C60001A0BF4E701234246E1E701234A46314695
:105C70002846B84701303FF43FAE08F10108E36819
:105C80000B995B1A4345F0DCFCE64FF0000804F189
:105C90001909F4E72DE9F047164698468A680B691A
:105CA000DDF820909342B8BF1346336091F843204B
:105CB00007460C460AB1013333602368990642BF98
:105CC000336802333360256815F0060506D104F108
:105CD000190AE36832689B1AAB4226DC94F8433019
:105CE0002268003B18BF012392062BD404F1430223
:105CF00041463846C84701301ED02368226903F068
:105D00000603042B02BFE5683368ED1AA3680CBFD5
:105D100025EAE57500259342C4BF9B1AED180026BD
:105D20001A34B5421AD1002008E0012352464146F8
:105D30003846C847013003D14FF0FF30BDE8F08747
:105D40000135C6E7E1185A1C302081F8430022448F
:105D500094F8451082F843100233C7E70123224626
:105D600041463846C8470130E6D00136D9E7000041
:105D70002DE9F0430D7E85B0782D90460C9E0746A8
:105D80000C46994601F1430207D8622D0AD8002D2E
:105D900000F0D780582D00F0BC8004F1420684F852
:105DA00042503BE0A5F16303152BF6D801A151F851
:105DB00023F000BF0D5E0008215E00089B5D000817
:105DC0009B5D00089B5D00089B5D0008215E00084C
:105DD0009B5D00089B5D00089B5D00089B5D0008C3
:105DE000295F00084B5E0008DB5E00089B5D000831
:105DF0009B5D00084B5F00089B5D00084B5E000840
:105E00009B5D00089B5D0008E35E000833681A1D77
:105E10001B68326004F1420684F842300123A1E09D
:105E200033682068191D3160060601D51D6803E03E
:105E30004506FBD5B3F90050002D03DA2D236D4242
:105E400084F843305B480A2311E021683368080670
:105E500053F8045B02D4490648BFADB23360237ED9
:105E600054486F2B5CD10823002184F843106668E6
:105E7000A660002E05DB21682E4321F0040121607D
:105E800050D01646B5FBF3F103FB115C10F80CC0C3
:105E900006F801CDAC4663450D46F3D9082B0BD16E
:105EA0002368DB0708D5236961689942DEBF302388
:105EB00006F8013C06F1FF36921B2261CDF80090F6
:105EC000434603AA21463846FFF7E4FE01304ED18F
:105ED0004FF0FF3005B0BDE8F083236843F02003A6
:105EE00023603548782584F845502368316813F0DD
:105EF000800F51F8045B03D113F0400F18BFADB20F
:105F00003160D90744BF43F0200323601DB1102343
:105F1000AAE72848E7E7236823F020032360F6E791
:105F20000A23A1E71646B9E7336825686169181D99
:105F300030602E061B6801D5196002E06806FBD5AB
:105F40001980002323611646B8E733681A1D3260B2
:105F50001E68626800213046FAF752F908B1801BCA
:105F6000606063682361002384F84330A6E72369F7
:105F7000324641463846C8470130A9D023689B07BE
:105F800013D4E068039B9842B8BF1846A2E70123E8
:105F9000324641463846C847013099D00135E3685A
:105FA00003995B1AAB42F2DCEBE7002504F119061A
:105FB000F5E700BFBB9E0008CC9E00082DE9F04F1E
:105FC00087B0914603938B685A1EB2F5AE7F81BFAE
:105FD0006FF4AE7503EB050B40F25D138B600B683D
:105FE0000A464FF0000543F4F06342F81C3BCDE94C
:105FF000045580460C4698BF4FF0000B01921646A0
:10600000AA462F460295A2685AB1D9F800301B78EB
:106010004E2B63D8402B3BD8A3F12B01C8B20E28DE
:1060200039D91FB1236823F4807323600AF1FF3A42
:10603000BAF1010F00F21481019B9E4200F205812A
:10604000012007B0BDE8F08FA3F161020D2AE8D866
:1060500001A151F822F000BFA161000823600008EF
:106060002360000823600008FD610008D761000874
:106070002360000823600008AF6100082360000867
:106080002360000823600008236000086B6100089B
:10609000A3F14102DAE70E29C3D801A050F821F09C
:1060A0005B610008236000085B610008EB61000889
:1060B00023600008FD60000841610008416100089C
:1060C0004161000841610008416100084161000828
:1060D0004161000841610008416100086E2B09D848
:1060E000602BB1D8542B7BD0592B9AD1072D98D146
:1060F00008252FE0742B73D0792BF6E72168C805AB
:106100001ED521F0800121600137BBF1000F03D0C3
:1061100001320BF1FF3BA260A368013BA36023693E
:1061200001332361D9F80430013B002BC9F8043056
:1061300040F38280D9F800300133C9F8003062E7BB
:106140001AEB05017FF46DAF226822F4C072226061
:106150000D468A4606F8013BDEE7226810067FF509
:1061600060AF22F080022260F4E7BAF1000F0CD198
:1061700077B9226802F4E061B1F5E06F08D122F44A
:10618000F06222604FF0010AE4E7BAF1020F50D04A
:10619000012D02D0042D7FF444AF0135EDB2D9E7D3
:1061A000BAF1010F7FF43DAF4FF0020AD2E775B9A3
:1061B000002F7FF437AF226802F4E061B1F5E06FA1
:1061C00040F0028122F4F06222600125C2E7032D33
:1061D000E3D0052DDFE7022D7FF423AF0325B9E7D8
:1061E000062D7FF41EAF0725B4E7226891057FF5E1
:1061F00018AF22F4207222600297ABE7226802F403
:10620000A061B1F5806F05D050057FF50AAF002F72
:1062100000F0DA80910558BF029922F4F06258BF6D
:10622000791A42F4C07258BFCDE9041622600027E3
:1062300090E74FF0030A8DE7D4F880314946404695
:10624000984700283FF4DFAEEBE6D4F87C3116F82F
:10625000011D4A46404698472369013B2361EBE60E
:106260006B1E062B24D8022D36D8019B9E427FF64A
:10627000E7AED4F87C3116F8011D4A4640469847EF
:106280002369013B2361F0E7D4F87C311BF8011D41
:106290004A46404698472369013B23610AF1FF3A89
:1062A0005FFA8AFABAF1020FEED1033DEDB2761B26
:1062B0002368DA0530D55D0511D5019B9E427FF636
:1062C000BFAED4F87C3116F8011D4A4640469847C7
:1062D0002369013B2361F0E7AA46B346DEE716F8DF
:1062E000011C2369652903F1FF3306F1FF352361A2
:1062F0000CD045290AD0D4F87C314A46404698470C
:10630000236916F8021C013BB51E2361D4F87C31C9
:106310004A46404698472E46226812F0100201D0A5
:1063200000208EE63270236803F4C063B3F5806FFB
:1063300024D1029B9F420AD0DA1B04F26F139E42C3
:1063400028BF04F5B7762149304600F007F90199D6
:106350000022404602F044FC039B21681B6888072A
:1063600057EC106B03F1040215D503990A601B6802
:10637000C3E90067E3680133E360D1E7049B002BC6
:10638000E5D005990A230131404602F0A9FC049B9F
:10639000059EC21AD1E711F0040F03990A60E6D1F5
:1063A0001D6832463B4630463946FAF7D7FB28B1DE
:1063B000074800F0D9F985ED000ADBE73046394699
:1063C000FAF72AFC2860D5E700272FE6DD9E0008B3
:1063D000669E0008002310B50446C0E90033C0E9FA
:1063E0000433836081814366C28183611946082238
:1063F0005C3000F039F90D4B63620D4BA3620D4B1D
:10640000E3620D4B23630D4B24629C4206D003F1E3
:106410006802944202D0D0339C4205D104F1580066
:10642000BDE8104000F09CB910BD00BFA165000898
:10643000C3650008FB65000821660008F81E0020FF
:10644000024A0349034800F06BB800BF080100206E
:10645000999000081801002041680C4B994210B532
:10646000044601D002F018FEA168094B994202D0FF
:10647000204602F011FEE168064B994204D0204606
:10648000BDE8104002F008BE10BD00BFF81E00209D
:10649000601F0020C81F00200C4B0D4A0D4810B58E
:1064A00004211A600022FFF795FF0A4B01221C46C7
:1064B000092103F16800FFF78DFF04F1D0000222EB
:1064C000BDE810401221FFF785BF00BF302000203B
:1064D00041640008F81E0020014800F042B900BFE6
:1064E00039200020014800F03DB900BF39200020CC
:1064F00010B50446FFF7F0FF236A1BB1BDE810405A
:10650000FFF7F0BF044B2362044B1B68002BF5D14F
:10651000FFF7C2FFF2E700BF5964000830200020F7
:106520002DE9F8430746884614460026D4E901952C
:10653000B9F1010905D52468002CF7D13046BDE832
:10654000F883AB89012B07D9B5F90E30013303D09D
:1065500029463846C04706436835E9E70EB410B50A
:106560009DB01FAB029006906FF000410A48079162
:1065700004910A4953F8042B0591002402A90068EC
:1065800001931B9402F00EFC029B1C701DB0BDE831
:10659000104003B0704700BF140100200802FFFF45
:1065A00010B50C46B1F90E1000F08CF80028ABBF06
:1065B000636DA3891B1823F48053ACBF6365A3816B
:1065C00010BD2DE9F0411F468B89DB0505460C46C1
:1065D000164605D5B1F90E100223002200F060F82E
:1065E000A389B4F90E1023F48053A38132463B46AD
:1065F0002846BDE8F04100F077B810B50C46B1F977
:106600000E1000F04DF8B4F90C30421C0BBF23F40F
:10661000805343F48053A381A38118BF606510BDEC
:10662000B1F90E1000F02CB810B59AB0002400910A
:1066300004916FF00041059102910549039169466B
:10664000199402F0AFFB009B1C701AB010BD00BF84
:106650000802FFFF13460A46014602480068FFF79A
:10666000E3BF00BF1401002002440346934200D15F
:10667000704703F8011BF9E70048704754020020F7
:1066800038B5064D0023044608462B60FAF70CFD8A
:10669000431C02D12B6803B1236038BD3420002095
:1066A00038B5074D04460846114600222A601A46AE
:1066B000FAF704FD431C02D12B6803B1236038BDF7
:1066C0003420002038B5074D044608461146002204
:1066D0002A601A46FAF7CCFC431C02D12B6803B19E
:1066E000236038BD3420002038B5074D04460846E5
:1066F000114600222A601A46FAF7C8FC431C02D150
:106700002B6803B1236038BD34200020014B18688A
:10671000704700BF1401002070B50D4B0D4D5B1B81
:106720009C100026A64209D103F080FB0A4D0B4BBA
:106730005B1B9C100026A64205D170BD55F8043B9A
:1067400098470136EEE755F8043B98470136F2E7E3
:10675000ECA60008ECA60008ECA60008F0A60008CD
:1067600070477047704700009FED010A704700BFF7
:106770000000C07F1FB514461A46094B1B6805462A
:10678000D8684CB1074B0091CDE9013406492B463E
:1067900002F0AAFC02F00CFD044B1C46F3E700BF1C
:1067A00014010020E29E0008EF9E0008669E00088B
:1067B0002DE9F74F03690C69A34207467EDB013CD4
:1067C00001F11408A30000F11405009305EB840304
:1067D000019358F8243055F8242001339A4208EBED
:1067E0008409B2FBF3F62ED34FF0000AC446AE463E
:1067F000D3465CF8043B98B206FB00A0020C1B0CCD
:1068000006FB0323DEF8002080B292B2121A5A442B
:10681000DEF800004FEA134A9BB2C3EB224303EBBE
:10682000104392B242EA0342E1454EF8042B4FEA8C
:10683000234BDED2009BEB582BB9019B043B9D42BE
:106840001A462FD33C61384601F0DCF9002825DBDD
:106850002946002058F8042BD1F800C01FFA82FE08
:106860001FFA8CF3A3EB0E030344120CC2EB23427A
:1068700002EB1C429BB243EA0243C14541F8043B90
:106880004FEA2240E6D255F8242005EB840322B9D2
:10689000043B9D421A460BD33C610136304603B09F
:1068A000BDE8F08F1268043B002ACBD1013CC6E75B
:1068B0001268043B002AEFD1013CEAE70020EEE732
:1068C0002DE9F04F99B08DED0E0B0C92C269229C10
:1068D0000A9157EC106B8146139382B9102000F097
:1068E00015FE0246C9F81C0020B9AB4BEF21AB489E
:1068F000FFF740FF0023C0E901330360C360116864
:1069000059B152684A60012393408B60484600F0B9
:10691000F1FED9F81C3000221A60B7F10008B5BFAB
:1069200001230023236023609D4BBCBF28F0004857
:10693000CDF83C8033EA08031AD1139AC8F3130840
:1069400042F20F7358EA0608136000F06885239B33
:1069500053B9944B21E0944B00930833239A13606E
:10696000009819B0BDE8F08F8E4B00930333F5E724
:106970009DED0E7B002251EC170B00238DED067B65
:10698000FAF7BAF8824650B1139A01231360239B99
:1069900013B1239A854B1360854B0093E0E79DED7F
:1069A000060B16AA17A9484601F050FA5FEA1854D8
:1069B000169D019079D0079BCDF850A0C3F3130327
:1069C000DDE9060143F07F5343F44013A4F2FF34A2
:1069D00019460022774BF9F76FFC69A3D3E900232E
:1069E000F9F722FE68A3D3E90023F9F767FC06460E
:1069F00020460F46F9F7AEFD65A3D3E90023F9F76A
:106A000013FE02460B4630463946F9F757FC064658
:106A10000F46FAF7B9F8002280460023304639467F
:106A2000FAF774F848B14046F9F794FD32463B4610
:106A3000FAF762F808B908F1FF38B8F1160F51D823
:106A40005D4B03EBC803D3E90023DDE90601FAF748
:106A50005DF8002848D008F1FF38002312932D1B61
:106A60006B1E089343BF0023C5F10107089300275D
:106A7000B8F1000F3ADB089BCDF83480434408930B
:106A8000002309930A9B092B62D8052BC4BF043B42
:106A90000A930A9BA3F10203CCBF00240124032B19
:106AA00062D8DFE803F05153362B179C2C4404F2D4
:106AB0003243202BC1BFC3F1400308FA03F804F2AC
:106AC000124326FA03F3D6BFC3F1200348EA0300BA
:106AD00006FA03F0F9F72EFD0122A1F1F873013C4B
:106AE000149275E70123B9E71290B8E7C8F10003E3
:106AF00009930023A7EB08070D93C3E701230B932A
:106B00000C9B434405930133012B0493B8BF01232D
:106B100006E001230B930C9B002B28DDCDE9043309
:106B2000D9F81C000021042202F114059D4223D94A
:106B30004160484600F0A0FD0090002840D11F4B66
:106B4000024640F2AF11D2E60023E3E70023D6E786
:106B500001240023CDE90A344FF0FF33CDE904339B
:106B6000002212230C92DBE701230B93F4E70123AD
:106B7000CDE904331A46F5E701315200D4E700BFEE
:106B800061436F63A787D23FB3C8608B288AC63F33
:106B9000FB799F501344D33F2B9F0008429F00086E
:106BA0000000F07F279F00081E9F0008BA9E000883
:106BB000B99E00080000F83FC8A400089A9F00088A
:106BC000D9F81C30009A1A60049B0E2B00F2A180A9
:106BD000002C00F09E80B8F1000F36DD9E4B08F0CF
:106BE0000F0203EBC20318F4807FD3E900AB4FEA36
:106BF000281516D0994BDDE90601D3E90823F9F7EA
:106C00003DFECDE9020105F00F050324934E75B951
:106C1000DDE9020152465B46F9F730FE82468B46BB
:106C20002DE09DED067B02248DED027BEEE7E9076A
:106C300008D550465946D6E90023F9F7F5FC01344A
:106C400082468B466D100836E1E700F0AD80C8F152
:106C50000005814B814E05F00F0203EBC203D3E91F
:106C60000023DDE90601F9F7DFFC2D1182468B4692
:106C700000230224002D40F08C80002BCED1129BEB
:106C8000002B00F09580764B002250465946F9F7CC
:106C90003DFF002800F08C80049B002B00F08880D2
:106CA000059B002B35DD08F1FF3302935046594612
:106CB0006C4B0022F9F7B8FC059E82468B460134E6
:106CC0002046F9F747FC52465B46F9F7ADFC664BA8
:106CD0000022F9F7F3FA0446A1F15075CDE9104509
:106CE000002E69D1614B002250465946F9F7E4FA6B
:106CF00022462B4682468B46F9F726FF002840F0B5
:106D00009482224605F1004350465946F9F7FEFEAB
:106D100020BB179B002BC0F26081B8F10E0F00F36F
:106D20005C814D4B03EBC803D3E900AB0C9B002BFC
:106D300080F2EE80049B002B00F3EA800ED14B4BD7
:106D4000002250465946F9F76FFC02460B46DDE932
:106D50000601F9F7E5FE002800F06A8200252C46BE
:106D60000C9B009EDB43029327460024294648469D
:106D700000F0C0FC002F00F0C1802CB1BC4203D059
:106D80002146484600F0B6FC3946484600F0B2FCC1
:106D9000B4E0EA0705D5D6E90023F9F745FC01344C
:106DA00001236D10083665E7DDE906AB022466E7CE
:106DB000049ECDF8088083E7274B03EBC60353E915
:106DC00002010B9B002B55D002460B4600202849A0
:106DD000F9F754FDDDE91023F9F76EFA009BCDE9D0
:106DE00010019D191E4659465046F9F7CDFE04463E
:106DF000F9F7B0FB02460B4650465946F9F75CFAE4
:106E00003034DDE9102306F8014B82468B46F9F752
:106E10007DFE002872D152465B4611490020F9F7E9
:106E20004BFADDE91023F9F771FE002840F0B68037
:106E3000AE423FF46EAFDDE910010A4B0022F9F7D4
:106E4000F3FB084BCDE91001002250465946F9F7F3
:106E5000EBFB82468B46C6E7C8A40008A0A4000846
:106E60000000F03F0000244000001C4000001440DF
:106E70000000E03FDDE91023F9F7D6FB009B009D01
:106E8000CDE910013344159359465046F9F77CFE7D
:106E90000446F9F75FFB30340B460246594650462C
:106EA000F9F70AFA05F8014B159B9D4282468B467D
:106EB00027D1009B0022DDE910011E44B34BF9F7F6
:106EC000FDF902460B4650465946F9F73DFE0028AB
:106ED00064D1DDE91023AD490020F9F7EDF9024650
:106EE0000B4650465946F9F711FE00283FF411AF02
:106EF000334616F8012D302AFAD01E46DDF80880F8
:106F00003AE0A34B0022F9F78FFB82468B46BBE7A2
:106F1000009E52465B46DDE90601F9F7AFFCF9F742
:106F200033FE0746F9F716FB52465B46F9F77CFB42
:106F300002460B46DDE90601F9F7BEF907F1300C10
:106F4000009C06F801CBA6EB040C049C64450246A9
:106F50000B4633D1F9F7B2F952465B4604460D466B
:106F6000F9F7F2FDC0B952465B4620462946F9F7CB
:106F7000C3FD08B1FB070FD40199484600F0BAFBE6
:106F80000023139A337008F101031360239B002B35
:106F90003FF4E6AC1E60E3E4CDF8088033461E46BD
:106FA00013F8012D392A06D1009A9A42F7D1029A94
:106FB00001320292302201321A709FE7744B002294
:106FC000F9F732FB02460B46CDE9062300220023E7
:106FD000F9F792FD00289CD0CEE70B9A002A00F02A
:106FE000E3800A9A012A00F3C280149A002A00F072
:106FF000BA8003F23343099D3E46089A01211A44A0
:1070000048461F44089200F073FC044656B1089BA2
:10701000002B07DDB342089AA8BF3346FF1AF61AC1
:10702000D31A0893099B0BB30B9B002B00F0C38072
:10703000002D00F0BD8021462A46484600F018FD8C
:10704000019A01460446484600F068FC01998246D0
:10705000484600F04FFB099B5B1B099300F0AE8094
:10706000099A5146484600F003FD01900121484627
:1070700000F03EFC0D9B0546002B00F0D7811A4620
:107080000146484600F0F4FC0A9B012B054600F33C
:107090009D800E9B002B40F094800F9BC3F3130345
:1070A000002B40F08E800F9B23F000431B0D1B052F
:1070B000002B00F08980089B0133013708934FF0C3
:1070C000010A0D9B002B00F0B7812B6905EB8303B0
:1070D000186900F0C1FBC0F12000089B184410F0B3
:1070E0001F007ED0C0F12003042B72DD089BC0F18D
:1070F0001C000344074406440893002F05DD019952
:107100003A46484600F010FD0190089B002B05DD33
:1071100029461A46484600F007FD0546129B002BFB
:1071200061D00198294600F06DFD00285BDA08F176
:10713000FF330293019900230A22484600F0FCFA2B
:107140000B9B0190002B00F07981002321460A223D
:10715000484600F0F1FA059B002B044672DC0A9BBE
:10716000022B49DC6EE0169BC3F1360343E7049B18
:107170005D1E099BAB420DDB5D1B049B002BBFF624
:107180003BAF049BFE1A002337E700BF0000E03F3F
:1071900000002440099B0D9A0995EB1A1A440D92A0
:1071A000049B3E46002528E7099D0B9C3E462DE7A3
:1071B000DDF804A054E7099A019953E7CDF804A03B
:1071C00054E74FF0000A7CE79A467AE74FF0000A4E
:1071D0007BE792D0089A1C331A441F441E4408923D
:1071E0008BE70346F6E7049BCDF80880002B23DCF1
:1071F00005930A9B022B21DD059B002B7FF4B0AD8C
:1072000029460522484600F097FA014605460198AE
:1072100000F0F8FC00287FF7A3AD009E312306F8AC
:10722000013B029B013302939EE535462C46F4E771
:10723000049DCDF80880F9E7049B05930B9B002B78
:1072400000F00081002E05DD21463246484600F060
:107250006BFC0446BAF1000F5AD06168484600F052
:107260000BFA064628B9824B024640F2EF21FFF79F
:107270003EBB22690232920004F10C010C3001F095
:1072800081FF01223146484600F04EFC0746009B34
:10729000009A03F1010B059B134406930E9B03F028
:1072A000010308930BF1FF33294601980493FFF77C
:1072B0007FFA2146059000F1300A019800F0A2FC07
:1072C0003A4680462946484600F0B8FCC268064661
:1072D00002BB0146019800F095FC02463146484643
:1072E000099200F007FADDE9092342EA0301089B4D
:1072F00019435E4610D1BAF1390F2BD0B8F1000F07
:1073000002DD059B03F1310A049B83F800A02DE503
:107310002746BCE70122E1E7B8F1000F06DB0A9B34
:1073200048EA0308089B58EA030820D1002AEBDD4D
:1073300001990122484600F0F7FB2946019000F030
:1073400061FC002803DCDFD11AF0010FDCD0BAF1B8
:10735000390FD6D1049A3923137033461E46013BA8
:1073600016F8012C392A52D001321A70FEE4002A94
:1073700007DDBAF1390FEDD0049A0AF10103137059
:10738000F4E4069B0BF801AC5B452AD0019900237D
:107390000A22484600F0D0F9BC4201904FF00003A9
:1073A0004FF00A022146484606D100F0C5F90446CE
:1073B00007460BF1010B75E700F0BEF939460446AC
:1073C00000230A22484600F0B7F90746F1E7059B7B
:1073D0005E1E002B009BD8BF00265A1C2746164471
:1073E000002401990122484600F09EFB29460190A5
:1073F00000F008FC0028B0DC02D11AF0010FACD17B
:1074000033461E4613F8012D302AFAD0AEE4009A16
:107410009A42A3D1029B013302933123AFE7239B0E
:10742000002B7FF498AA134BFFF7B7BA0A9B012BE6
:107430007FF72FAEDDF834A001204EE6059B002B30
:107440007FF7D7AE009E01982946FFF7B1F900F10A
:10745000300A009B06F801ABF21A059B9342B6DD99
:10746000019900230A22484600F066F90190EAE7F4
:107470009A9F00081E9F000838B50546002941D094
:1074800051F8043C0C1F002BB8BFE41800F0E8F8DA
:107490001D4A136833B9636014602846BDE838405C
:1074A00000F0E4B8A34208D9206821188B4201BF3C
:1074B00019685B6809182160EDE71A465B680BB133
:1074C000A342FAD911685018A0420BD12068014498
:1074D000501883421160E0D118685B68536008441B
:1074E0001060DAE702D90C232B60D6E72068211858
:1074F0008B4204BF19685B68636004BF0918216090
:107500005460CAE738BD00BF40200020024B01464E
:10751000186800F025B800BF1401002070B50F4EA8
:107520000C463168054611B901F01CFE3060214659
:10753000284601F017FE431C03D14FF0FF342046CC
:1075400070BDC41C24F00304A042F8D0211A2846C0
:1075500001F008FE0130F2D1EFE700BF3C2000202F
:107560002DE9F843CD1C25F0030508350C2D38BF57
:107570000C25002D064601DBA94204D90C233360FB
:107580000020BDE8F883DFF8D48000F069F8D8F86F
:1075900000301C4644BB29463046FFF7BFFF431C62
:1075A000044658D1D8F800402746002F43D1002C7C
:1075B0004BD023683946304604EB030901F0D2FD75
:1075C000814542D121686D1A29463046FFF7A6FF52
:1075D00001303AD023682B442360D8F800305A6831
:1075E00062BBC8F800700FE02268521B20D40B2A3F
:1075F00017D96119A342256018BF5960636808BF95
:10760000C8F8001062514B60304600F02FF804F1CA
:107610000B00231D20F00700C21A1CBF1B1AA35029
:10762000AFE76268A3420CBFC8F800205A60EBE7DE
:1076300023466468AEE73C467F68B6E71A465B6857
:10764000A342FBD100235360DEE70C2333603046B6
:1076500000F00CF894E70560D6E700BF402000205A
:107660000148FFF77EB800BF382000200148FFF72F
:1076700079B800BF3820002070B5C46905460E46B1
:1076800084B91020FFF742FF0446E86128B902469A
:10769000164B17486B21FFF76DF80023C0E9013343
:1076A0000360C360E36853B921220421284601F036
:1076B00086FDEB69E060DB680BB9002070BD53F814
:1076C000260030B1026843F826200023C0E90333C6
:1076D000F4E7012101FA06F4621D9200284601F048
:1076E0006EFD0028E9D0C0E90164EEE72B9F000899
:1076F000AB9F000870B5C66905460C4676B91020E8
:10770000FFF704FF0246E86120B9094B09488F21C1
:10771000FFF730F8C0E901660660C6603CB1EB696E
:107720006268DB6853F82210216043F8224070BD84
:107730002B9F0008AB9F00082DE9F0410D6907461B
:107740000C461E4601F1140C0020DCF8003099B202
:1077500002FB01611E0C0B0C02FB063389B20130E7
:1077600001EB034185424CF8041B4FEA1346ECDC65
:107770000EB3A368AB4219DC616838460131FFF7EC
:107780007BFF804628B902460C4B0D48BA21FEF714
:10779000F1FF2269023204F10C0192000C3001F079
:1077A000F1FC21463846FFF7A5FF444604EB85036C
:1077B00001355E6125612046BDE8F0819A9F000891
:1077C000AB9F00082DE9F8430C4615461F460922D9
:1077D0000833064693FBF2F3002101229A4209DBAB
:1077E0003046FFF749FF40B90246194B1948D321EB
:1077F000FEF7C0FF52000131F0E7089B4361092DFD
:107800004FF00103036116DD04F10908C1462C4461
:1078100019F8013B0146303B0A223046FFF78CFF46
:10782000A145F5D1A844A8F108042D1B63199F4276
:1078300004DCBDE8F8830A340925F6E714F8013BB7
:107840000146303B0A223046FFF776FFEEE700BFE5
:107850009A9F0008AB9F0008B0F5803F034636BFF3
:10786000030400201020B3F1807F3CBF1B020830CE
:10787000B3F1805F3CBF1B010430B3F1804F3CBFCC
:107880009B000230002B05DB13F0804F00F101005C
:1078900008BF202070470368024613F007000BD092
:1078A000D90721D4980749BF5B089B0801201360C2
:1078B0005CBF13600220704799B209B91B0C1020FD
:1078C000D9B209B908301B0A190704BF1B090430D3
:1078D000990704BF9B080230D90703D45B0800F165
:1078E000010003D0136070470020704720207047CC
:1078F00010B50C460121FFF7BFFE024628B9054B23
:10790000054840F24511FEF735FF0123446103614C
:1079100010BD00BF9A9F0008AB9F00082DE9F04FF3
:10792000D1F81090D2F810A0D14585B08846144601
:1079300004DB53460C46CA4690469946A3686168E4
:107940000AEB0906B342B8BF0131FFF795FE30B923
:107950000246454B45484FF4B171FEF70BFF00F16D
:10796000140505EB86072B460022BB421FD304F10A
:10797000140C08F114010CEB8A0301EB890202924A
:107980001A1B153A22F0030215349C4288BF0022CC
:107990000192029A03918A420CD8002E03DD57F817
:1079A000043D002B5DD0066105B0BDE8F08F43F8C3
:1079B000042BDAE7B1F800A0BAF1000F24D0E046BA
:1079C000A9464FF0000E58F8042BD9F800401FFAD2
:1079D00082FBA4B20AFB0B444FEA124BD9F80020F9
:1079E00074444FEA124E0AFB0BE202EB1442A4B2BB
:1079F00044EA0244434549F8044B4FEA124EE2D8A8
:107A0000019AAA18C2F804E0039AB2F8028004317D
:107A1000B8F1000F23D02A68E6469146AA464FF0F7
:107A2000000BBEF8004008FB04B404EB194492B20A
:107A300042EA04424AF8042B5EF8042BDAF800907C
:107A40004FEA124B1FFA89F208FB0B2202EB144299
:107A500073454FEA124BE4D8019C2C19626004353F
:107A600097E7013E99E700BF9A9F0008AB9F000887
:107A70002DE9F843174612F0030280460D4607D061
:107A8000264C013A002354F82220FFF755FE054604
:107A9000BF103FD0D8F81C4094B91020FFF736FD36
:107AA0000446C8F81C0030B902461D4B1D4840F280
:107AB000B311FEF75FFE0023C0E901330360C3602A
:107AC000A66846B940F271214046FFF711FF002336
:107AD000A060064603602C464FF0000907F0010342
:107AE0007F1053B1294632464046FFF717FF214623
:107AF00005464046FFF7FEFD67B1306838B93246AB
:107B000031464046FFF70AFF3060C0F80090064655
:107B10002C46E3E72846BDE8F88300BF90A40008A0
:107B20002B9F0008AB9F00082DE9F84F0C464968D1
:107B3000236903EB6218A368074615464FEA621AE9
:107B400008F101094B450BDB3846FFF795FD06466A
:107B500048B90246294B2A484FF4EF71FEF70AFE56
:107B600001315B00EEE7002300F1140C00F110027C
:107B70001946534535DB22692AEAEA7A0CEB8A0C6E
:107B800004F1140315F01F0E614603EB82022CD0A2
:107B9000CEF1200A002518688B4600FA0EF0284323
:107BA000CBF8000053F8045B9A4201F1040125FA76
:107BB0000AF5F0D8131B153B23F0030304F115015C
:107BC0008A4238BF00239C44CCF8045005B9C14612
:107BD0003846C6F810902146FFF78CFD3046BDE8C8
:107BE000F88F42F8041F0133C3E753F8045B0D60BC
:107BF0009A4201F10401F8D8E9E700BF9A9F000812
:107C0000AB9F00080A6903460069801A30B50ED19F
:107C10001433143103EB820401EB820154F8045D48
:107C200051F8042D954203D005D24FF0FF3030BDFE
:107C3000A342F3D3FBE70120F9E700002DE9F74F5A
:107C40008A460646114650461446FFF7DBFF051EDE
:107C500012D129463046FFF70FFD024628B9414BA5
:107C600040F237214048FEF785FD0123C0E9043585
:107C7000104603B0BDE8F08FBCBF5346A246304665
:107C8000DAF80410BABF1C4601250025FFF7F4FC02
:107C9000024618B9334B40F24521E3E7DAF8107099
:107CA0002669C5600AF1140904F1140E00F11405E7
:107CB0000AF1100309EB87080EEB86060193AB4629
:107CC0004FF0000C019B5EF8040B53F804AF0193D6
:107CD0001FFA8AF3194683B2CB1A000C6344C0EB37
:107CE0001A4000EB23409BB243EA004376454BF831
:107CF000043B4FEA204CE5D8331B153B153423F0E9
:107D00000303A64238BF0023E8184B441C1D04306F
:107D10002646A5EB0905464506EB050E0ED308F1F0
:107D20000301091B21F003010133984538BF0021ED
:107D3000014451F8043D9BB1176199E756F8041BC3
:107D4000E2464FEA11491CFA81FC514409EB2C49E7
:107D500089B241EA09414FEA294CCEF80010DAE72E
:107D6000013FE6E79A9F0008AB9F000882B08DEDC7
:107D7000000B019A0F4B1340A3F15073002B08DC4A
:107D80005B42B3F1A07F4FEA235204DA4FF40023A1
:107D90001341002208E0A2F114031E2BDABF4FF0BA
:107DA0000042DA40012200231946104641EC100B34
:107DB00002B070470000F07F2DE9F041066900F144
:107DC000140808EB8606371F56F8042C1046FFF7F8
:107DD00043FDC0F120030A280B601B4915DCC0F1EC
:107DE0000B0C22FA0CF3B84543EA010534BF56F8F0
:107DF000083C0023153002FA00F023FA0CF3034389
:107E00001C4645EC104BBDE8F081B8453ABF56F82A
:107E1000083CA6F1080700230B3812D0C0F120015E
:107E200023FA01F482402243474542F07F558CBF3C
:107E300057F8042C00228340CA4045F440151343F0
:107E4000DEE742EA0105DBE70000F03F2DE9F743FA
:107E50000F46012159EC108B1646FFF70DFC044626
:107E600030B90246234B244840F20F31FEF782FC22
:107E7000C9F30A55C9F313030DB143F480130193F9
:107E8000B8F1000323D068460093FFF704FD009982
:107E9000D8B1019AC0F1200302FA03F30B43C240A8
:107EA00063610192019BA361002B0CBF012202229E
:107EB0002261A5B1A5F2334505443D60C0F135000E
:107EC0003060204603B0BDE8F0836161EAE701A8B5
:107ED000FFF7E1FC019B636120300122E8E704EB3E
:107EE0008203A0F2324038601869FFF7B5FCC0EB9E
:107EF0004210E5E79A9F0008AB9F00082DE9F04F7C
:107F000085B0CDE9001002A9FFF756FF009803A93C
:107F100055EC104BFFF750FF019B1969009B1B6943
:107F2000C91ADDE902329B1A5BEC10AB03EB41137B
:107F3000002BCEBF2A46C3EB03335A462F46D94601
:107F4000CCBF02EB035702EB03594B465246204687
:107F50003946F8F793FC41EC100B05B0BDE8F08F03
:107F6000013970B549111469013102F1140300EBB4
:107F7000810103EB8404051FA3420CD3A31A113B18
:107F800023F003031132944238BF00231844002326
:107F9000884205D370BD53F8046B45F8046FEBE7D6
:107FA00040F8043BF4E700F1140200694B119842D9
:107FB00010B511DB0ADD11F01F0107D052F8234084
:107FC00024FA01F000FA01F18C420BD102EB830399
:107FD000934203D8002010BD0346F7E753F8041D71
:107FE0000029F5D00120F6E770B504460D4645ECB2
:107FF000104B1646FFF7BAFE51EC100B7EB1C5F3DD
:108000000A53C3F16B03002B09DD1B0503F17F55F8
:10801000002405F5401522462B46F8F705FB41ECF8
:10802000100B70BD000000002DE9F04F9DB00E4612
:1080300015920022049018924FF000084FF00009AA
:1080400017910A782B2A0D4601F101011DD00BD89A
:108050000D2A06D8082AF3D87AB100230B939A4642
:1080600083E0202AECD0F8E72D2A10D10122691CE8
:1080700017910B926A78002A37D1159B1796002B1F
:1080800040F0958542464B462AE00022EFE700216A
:108090000B91302A40F09B806A7802F0DF02582A68
:1080A0005AD102930B9B019318AB0093814A049819
:1080B00019AB17A901F0FEF810F00F06044605D021
:1080C000062E14D10135002317950B93159B002B19
:1080D00040F06F850B9B002BD4D0424609F1004342
:1080E00043EC102B1DB0BDE8F08F0D46D1E7189A78
:1080F0003AB135211AA8FFF733FF18990498FFF712
:10810000F9FA013E042E06D8DFE806F014031E211A
:108110001400DDE91A89E00548BF49F0004929F05B
:1081200000431B0D1B05002BD0D1FEF7EFFA2223D5
:108130000360CBE7DDE91A83199A23F4801302F276
:10814000334243EA0259E6E7DFF87091E3E76FF064
:1081500000494FF0FF38DEE7013517952B78302BBB
:10816000FAD0002BB2D04FF0010A00272B460E9711
:10817000BB460A21184613F8014BA4F13002092A24
:1081800028D94D49012200F0DAFF002834D0002020
:10819000CDE9060022465C46652A01D0452A14D165
:1081A00024B95AEA00033FF468AF0024179E731CF9
:1081B000179372782B2A73D02D2A77D04FF0000CAA
:1081C000A2F13003092B7FD9179600239EE04FF0D0
:1081D000000ACAE7BBF1080FD8BF0E9A1793DBBF9E
:1081E00001FB0242303A01FB07420E92C8BFA2F1E6
:1081F00030070BF1010BBDE7179B5A1C17925A78F9
:10820000BBF1000F33D006905C46A2F13003092B7E
:1082100012D901230793BFE7179B5A1C17925A786C
:108220000130302AF8D0A2F13103082B00F2C684C5
:108230000690179D00200446303A00F1010310D04B
:1082400006991944069120440A23A04211D1082816
:1082500000F1010419DC0E990A2303FB01230E939C
:108260000023179A511C179152781846CDE75846AB
:10827000D7E7082C04F1010403DC0E9959430E9151
:10828000E3E7102CD8BF5F43DFE70F28DCBF0A23EA
:1082900003FB0727E4E700210123CDE9061380E76C
:1082A0004FF0000CB31C1793B27889E74FF0010C24
:1082B000F8E700BFA4A5000804A000080000F07FB4
:1082C000179B5A1C17925A78302AF9D0A2F1310321
:1082D000082B3FF67AAF179B0593A2F1300E0133BE
:1082E00017931A78A2F1300109293CD905995B1A34
:1082F000082B44F61F633CDC9E457146A8BF194617
:108300000591BCF1000F02D0059B5B420593002C48
:1083100050D15AEA00007FF4D9AE079B002B7FF4BE
:10832000ACAE692A29D026DC492A26D04E2A7FF411
:10833000A4AEA14917A801F0DFF900283FF49DAED3
:10834000179B1B78282B2FD19C491AAA17A801F03C
:10835000E7F9052828D11B9BDDF8688043F0FF4929
:1083600049F4E009B2E60A2101FB0E22A2F1300E27
:10837000B5E70593C5E76E2AD9E7914917A801F03B
:10838000BBF900283FF479AE179B8E49013B17A833
:10839000179301F0B1F910B9179B01331793DFF868
:1083A00034924FF0000891E6874800F0F9FE59EC4E
:1083B000108B8BE6DDE905320E989B1ABBF1000F9E
:1083C00008BFA346102C0A93A246A8BF4FF0100A7C
:1083D000F8F7B0F8092C8046894613DC0A9B002B7D
:1083E0003FF474AE0A9B73DD162B5ADC774901EB20
:1083F000C301D1E9000142464B46F8F715F9804622
:10840000894663E6714B03EBCA0353E91223F8F77D
:108410000BF9804638468946F8F78CF802460B4639
:1084200040464946F7F74AFF0F2C80468946D5DD7E
:108430000A9BA4EB0A0A9A44BAF1000F40F3978012
:108440002AF00F061AF00F0A51D1B6F59A7F5EDCBA
:108450000023DFF87CA13611404649461F46012E15
:1084600079D10BB1804689465949A9F1547901EB7C
:10847000C70142464B46D1E90001F8F7D5F8554B04
:108480000A460B4054498B42804640D8A1F58011E2
:108490008B4286BFDFF844914FF0FF3802F15479E8
:1084A00032E00A9AC4F125039342C1DB474DC4F17F
:1084B0000F0405EBC40142464B46D1E90001F8F731
:1084C000B3F80A9B1C1B05EBC405D5E9002394E710
:1084D0001633ADDBDDE905239A1A3C4B03EBC203EF
:1084E000D3E9002340464946F8F7C8F987E73749FA
:1084F00001EBCA0142464B46D1E90001F8F794F876
:1085000080468946002EA0D100230793A0E00024D6
:1085100005940E940694049ADFF8B8902223136011
:108520004FF000080E9B002B3FF4D0AD1899049833
:10853000FFF7E0F806990498FFF7DCF8DDE904019D
:10854000FFF7D8F80E990498FFF7D4F8049821465D
:10855000FFF7D0F8BAE5F20704D5DAE90023F8F717
:1085600063F80123013776100AF1080A77E7CBD0C8
:10857000CAF1000A4FEA2A161AF00F0A0DD11F2E6F
:108580002EDD002405940E940694049A22234FF0C5
:1085900000084FF000091360C4E70C4B03EBCA035B
:1085A00040464946D3E90023F8F768F980468946F2
:1085B000002EA9D0E3E700BFB69E000890A50008F2
:1085C000AE9E0008219F0008669E0008C8A400080F
:1085D000A0A400080000F07F0000A07CFFFFEF7F58
:1085E00016F0100318BF6A23764F0793404649469A
:1085F0000023F20704D5D7E90023F8F715F8012383
:10860000761007F10807F4D10BB180468946079B25
:10861000B3B1C9F30A52C2F16B03002B49460FDD17
:108620001F2B57DD342BDEBF4FF0FF33C2F14B025F
:1086300093404FF00008CCBF4FF05C7903EA01098A
:108640000022002340464946F8F756FA002898D100
:108650000E9B0093049823465A462946FFF7B2F82A
:108660000E9000283FF453AFDDE905239B1A0A9AC8
:10867000002AA8BF00231293002422EAE273149375
:1086800005940E9B04985968FEF7F6FF06900028A3
:108690003FF441AF0E9B1A69023203F10C019200C4
:1086A0000C3000F06FFD49EC108B04981AAA19A940
:1086B000CDE90C89FFF7CAFB189000283FF42BAFD7
:1086C00004980121FFF714F90590034648B90023E7
:1086D000059320E74FF0FF3202FA03F303EA08089C
:1086E000AEE7199D1A9A002DABBF129B149B149EE6
:1086F000129FACBFEF185E1B079BED1A1544324B5F
:10870000013D9D42C2F136024FDA5B1B1F2BA2EBEB
:1087100003024FF001013CDC01FA03FA4FF0000BB9
:10872000BD18079BAF4216441E443B46A8BF2B46CC
:10873000B342A8BF3346002BC2BFED1AF61AFF1A88
:10874000129B002B16DDDDE904011A46FFF790F9B4
:1087500005900028BBD00146189A0498FFF7DEF870
:108760000F9000283FF4D7AE18990498FEF7C2FF87
:108770000F9B1893002D1BDC0A9B002B26DD149AFF
:1087800006990498FFF774F90690F8B90023069348
:10879000C1E6C5F17F4505F57F0505F57B45E23569
:1087A00001FA05FB4FF0010ABAE74FF0000BF9E7B9
:1087B000189904982A46FFF7B7F918900028DBD1DA
:1087C000A9E600BFB8A5000802FCFFFF002E07DDE8
:1087D000069904983246FFF7A7F906900028D5D0ED
:1087E000002F08DDDDE904013A46FFF79DF9059009
:1087F00000283FF490AE069A18990498FFF71EFAE5
:10880000044600283FF487AEC3680F930023059900
:10881000C360FFF7F7F900283CDA0F9B53EA08031F
:108820005ED1C9F313034D46002B59D129F0004303
:108830001B0D1B05B3F1D66F52D9636913B92369B8
:10884000012B4DDD214601220498FFF76DF90599B2
:108850000446FFF7D7F9002842DDAD4B079A2B40BD
:10886000002A5FD0B3F1D66F5CD8B3F15C7F7FF69E
:108870008CAEA84B404649460022F7F7D5FEA44BE4
:108880000B4080468946002B7FF450AE049A222389
:1088900013604BE64D4662D10F9AC9F3130342B3FE
:1088A0009D4A934228D1079B4146EBB1984B2B4000
:1088B000B3F1D46F4FF0FF3219D81B0DC3F16B0326
:1088C00002FA03F3994217D1944B9D4202D1013130
:1088D0003FF421AE8E4B2B4003F580194FF000087A
:1088E000079B002BC5D121E64FF0FF33EAE7134683
:1088F000E8E753EA0803B0D0BBF1000F1BD01BEA36
:10890000050FEDD00F9B079A40464946B3B1FFF7DC
:108910006BFBDDE90C0153EC102BF7F7CFFC804625
:108920008946DDE7A3F580136FEA13596FEA095909
:108930004FF0FF38D4E71AEA080FE2E7FFF754FBDD
:10894000DDE90C0153EC102BF7F7B6FC00220023F5
:1089500080468946F8F7D0F80028C1D015E6059979
:108960002046FFF7CBFA57EC106B00224FF0804304
:1089700030463946F8F7D4F8002870D00F9B002B0A
:108980007BD1B8F1000F56D1C9F31303002B58D196
:10899000634B002230463946F8F7B8F8002859D121
:1089A000604B002230463946F7F73EFE82468B4642
:1089B0000BF10043CDF820A00993554B544A2B40AE
:1089C0001393594B2A409A42DDE9086740F0B08082
:1089D000A5F1547949EC108BFFF7C8F9DDE90823BC
:1089E00051EC100BF7F720FE42464B46F7F766FCBA
:1089F000474D4E4A0D409542804645D90D9A474B0A
:108A00009A4203D10C9B01333FF485ADDFF80C9102
:108A10004FF0FF3818990498FEF76CFE06990498F9
:108A2000FEF768FEDDE90401FEF764FE04982146C6
:108A3000FEF760FE25E6B8F1010F02D1002D3FF4EC
:108A4000A4AD9FED2B7BDFF8D8B08DED087B4FF008
:108A5000000AB2E7DFF8CCB04FF0000AA8E7314BCC
:108A6000002230463946F7F7DFFD0F9B82468B46E2
:108A7000002B9DD0CDE908AB9FE79FED1F7B8DEDCF
:108A8000087B5BEC17AB98E701F15479079B002B4F
:108A9000C0D129F00043139A1B0D1B059A42B9D18E
:108AA00050465946F8F708F9F7F790FD02460B468D
:108AB00050465946F7F700FC0F9AC9F3130343EAEF
:108AC0000803134306460F466BD00DA3D3E90023DA
:108AD000F8F71CF800287FF429AD0BA3D3E9002395
:108AE00030463946F8F730F8002893D01EE500BF2D
:108AF000000000000000F0BF000000000000F03F98
:108B00009535A094FFFFDF3F35E5AF350000E03F2E
:108B10000000F07F00005039FFFF0F00FFFFEF7FE4
:108B20000000F03F0000E03F0000E07FFFFF9F7C7F
:108B3000079B13B3139BB3F1D46F1ED824A3D3E9BF
:108B4000002350465946F7F7EBFF90B1594650467F
:108B5000F8F742F8012838BF0120F7F7EBFC0F9B2C
:108B600082468B46D3B901F1004310901193DDE9A1
:108B70001067139A07F1D6639F1A9DED0C0BFFF750
:108B8000F5F8304653EC102B3946F7F74DFDDDE98B
:108B90000C23F7F793FB8046894677E7CDE910ABC6
:108BA000E5E70DA3D3E90023F7F7B0FF9CE7002327
:108BB0000B93159A179B1360FFF78CBA652A3FF445
:108BC0006AAB452A3FF467AB01230793FFF7A1BBCC
:108BD0000000C0FFFFFFDF419535A094FFFFCF3FAE
:108BE000014BFFF721BA00BF64010020242B2DE9BF
:108BF000F0478646904601D8012B06D1FDF786FD49
:108C0000162303600020BDE8F08734480D462A464D
:108C100015F8014B065D16F00806F8D12D2C10D181
:108C20002C780126951C33F0100215D1302C0DD173
:108C30002A7802F0DF02582A08D16C780235102316
:108C40000AE02B2C04BF2C78951CECE7002BF6D106
:108C5000302C14BF0A23082306F1004C0CF1FF3C12
:108C60000022BCFBF3F9104603FB19CAA4F130073C
:108C7000092F0FD83C46A3421BDD571C07D0814566
:108C800014D301D1A24511DB00FB0340012215F8EA
:108C9000014BEBE7A4F14107192F01D8373CEAE774
:108CA000A4F16107192F04D8573CE4E74FF0FF32D5
:108CB000EDE7531C08D12223CEF800306046B8F10E
:108CC000000FA0D0691E06E006B14042B8F1000FC7
:108CD00099D0002AF6D1C8F8001094E7E1A5000861
:108CE000FFF784BF2DE9F0478E681F46BE428246DB
:108CF0000C469046334653D8B1F90C0010F4906FEF
:108D00002BD065692368096905EB4505A3EB0109CB
:108D100005EBD5757B1C6D104B44AB422A4684BFD6
:108D20001D462A46430527D511465046FEF718FC36
:108D3000064658B321694A4600F024FAA38923F471
:108D4000906343F08003A381266165614E44A5EBE7
:108D500009052660A5603E463B461F4620683A4608
:108D6000414600F0D3F9A3689B1BA36023683B44F2
:108D700023600020BDE8F087504600F080FD0646E5
:108D80000028E1D121695046FEF776FB0C23CAF892
:108D90000030A38943F04003A3814FF0FF30E9E79F
:108DA0003E46DBE72DE9F0471F468B891B069CB04A
:108DB00006460D46144610D50B6973B94021FEF7DF
:108DC000CFFB2860286130B90C2333604FF0FF30AF
:108DD0001CB0BDE8F08740236B610023099320237A
:108DE0008DF8293003973023654F8DF82A304FF0E6
:108DF00001082346994613F8012B0AB1252AF9D117
:108E0000B9EB040A0BD05346224629463046FFF7F9
:108E100069FF013000F0A480099A5244099299F840
:108E20000030002B00F09C8000234FF0FF32CDE992
:108E3000052309F10109049307938DF853301A9320
:108E40004C464F4814F8011B0522F7F7D9F9049B4B
:108E5000D0B9D80644BF20228DF85320190744BF4B
:108E60002B228DF8532099F800202A2A13D0079A34
:108E70004C4600204FF00A0C214611F8013B303BD4
:108E8000092B49D968B913E0C01B08FA00F0184350
:108E90000490A146D4E7039A111D12680391002A99
:108EA00001DB079204E0524243F00203079204936D
:108EB00023782E2B0AD163782A2B32D1039B1A1DDB
:108EC0001B68039243EAE37302340593DFF8C09012
:108ED000217803224846F7F793F938B1049BA0EBB9
:108EE00009004022824013430134049314F8011B0B
:108EF00024488DF828100622F7F782F9002835D08B
:108F0000214818BB039B073323F00703083303935F
:108F1000099B034409936CE70CFB02320C460120C9
:108F2000AAE700230134059319464FF00A0C2046A6
:108F300010F8012B303A092A03D9002BC6D005912D
:108F4000C4E70CFB012104460123F0E703AB0093C7
:108F50002A460E4B04A93046FCF774FC421CD7D1BC
:108F6000AB895B063FF532AF099831E703AB00935D
:108F70002A46064B04A93046FCF7FAFEEEE700BF8E
:108F800006A0000810A0000845580008E58C00085D
:108F90000CA00008B1F90C202DE9F0411607054698
:108FA0000C4651D44B68002B02DC0B6C002B49DDC6
:108FB000E66A002E46D0002312F480522F682B6000
:108FC00031D0626DA389590705D56368D21A636BE6
:108FD0000BB1236CD21A0023E66A216A2846B047F7
:108FE000421CB4F90C3006D129681D2946D8294AFB
:108FF000CA40D60742D500226260D90422692260A5
:1090000004D5421C01D12B6803B96065616B2F60E8
:10901000C1B104F14403994202D02846FEF72CFA6C
:10902000002363630EE0216A01232846B04702460D
:10903000501CC7D12B68002BC4D01D2B01D0162B80
:109040001AD12F6000201EE00F69002FFAD093077D
:109050000E6808BF4B690F6018BF0023A6EB070816
:109060008B60B8F1000FEDDD216AA66A43463A46EF
:109070002846B047002808DCB4F90C3043F0400320
:10908000A3814FF0FF30BDE8F0810744A8EB000852
:10909000E7E700BF0100402038B50B6905460C46E4
:1090A00013B90025284638BD18B1036A0BB9FDF77E
:1090B0001FFAB4F90C30002BF3D0626ED00704D441
:1090C000990502D4A06DFDF74CFB28462146FFF719
:1090D00061FF636EDA070546E4D4A3899B05E1D4FA
:1090E000A06DFDF73FFBDDE70EB403B5014603AB12
:1090F000054853F8042B0068019300F025FC02B0EA
:109100005DF804EB03B0704714010020884210B5ED
:1091100001EB020402D98442234607D8431EA14230
:1091200007D011F8012B03F8012FF8E7024482421F
:1091300000D110BD13F8011D02F8011DF7E710B5AD
:109140006AB10139841810F8012B11F8013F9A42D5
:1091500003D1A04201D0002AF5D1D01A10BD10468B
:10916000FCE7000038B5064D0023044608462B6096
:10917000F7F7A6FF431C02D12B6803B1236038BD6B
:10918000342000200A44914200F1FF3300D170479F
:1091900010B511F8014B03F8014F9142F9D110BD00
:1091A0009FED010B704700BF000000000000F87F3A
:1091B00008B5062000F096FD0120F7F753FF70B5C3
:1091C000A1FB025434B92946FEF7CAF9064628B96C
:1091D000304670BD0C2202600026F9E72A4621467F
:1091E000FDF742FAF4E70369B3EB611F2DE9F043A1
:1091F0004FEA611200F1140445DD11F01F0104EB88
:10920000830604EB82050CD100F110072946B14218
:1092100034D39B1A9B00EA1E964238BF0023234496
:1092200015E054F82270C1F12008CF4005F1040E7A
:10923000A1467645F44615D89A1A9200043A0135AB
:10924000AE4238BF0022A318A75007B104331A1B3F
:10925000A3424FEAA20208BF0023026108BF436194
:10926000BDE8F083DCF800C00CFA08FC4CEA070704
:1092700049F8047B5EF8047BCF40DAE751F804CB71
:1092800047F804CFC3E72346E1E7A0F13003092BF9
:1092900002D82038C0B27047A0F16103052B01D875
:1092A0004738F7E7A0F14103052B01D82738F1E74C
:1092B000002070472DE9F04F85B08A4602930B6875
:1092C000019090469C1CA14614F8010B3028FAD05E
:1092D000A9EB0303A3F1020BFFF7D7FF0546002814
:1092E00068D1A04901224846FFF729FF0746002818
:1092F00067D199F801002646FFF7C7FF002862D022
:10930000234618783028994603F10103F9D0FFF776
:10931000BCFFB0FA80F56D094FF0010B4A461646C6
:1093200001323078FFF7B1FF0028F8D18D490122D2
:109330003046FFF704FF00283FD144B9741C224691
:10934000164601323078FFF7A0FF0028F8D1A41BA1
:10935000A700337803F0DF03502B3ED173782B2B1B
:1093600033D02D2B34D0711C00240878FFF78DFFEB
:10937000431EDBB2182B30D8A0F1100211F8010FF8
:10938000FFF783FF00F1FF3C5FFA8CFCBCF1180F84
:109390004FF00A031ED904B152421744CAF8001014
:1093A000EDB1BBF1000F0CBF06250025284605B026
:1093B000BDE8F08F00252C46B0E7002CC7D127462A
:1093C000C7E74E462F460125C3E70024B11CCCE772
:1093D0000124FBE703FB0200CEE73146DEE7A6EB04
:1093E0000903013B2946072B0ADC0198FEF744F9E3
:1093F000044640B95C4B0246E4215C48FDF7BAF9EB
:1094000001315B10EFE700F1140A002355469B463B
:10941000B14537D345F804BBA5EB0A05AD1025616E
:109420005846FEF719FA6D01D8F800602D1AB542BA
:1094300054DDAD1B29462046FEF7B5FD814678B1C7
:109440006B1E591103F01F025AF821104FF0010949
:1094500009FA02F20A4203D04B4536DC4FF002090A
:1094600029462046FFF7BFFE2F44D8F80830BB42FC
:1094700042DA01982146FEF73DF90E9A0023136067
:10948000A32593E716F8012D2E2A12D0202B04D104
:1094900045F804BB4FF0000B5B4630780393FFF7B1
:1094A000F4FE039B00F00F0098404BEA000B0433DE
:1094B000AEE7B145EAD82B49039301223046FFF7C6
:1094C0003EFE039B0028E1D1A2E7A91E2046FEF73D
:1094D0006AFD0028C2D04FF00309C1E709DA751B05
:1094E000214601982A46FEF71FFB7F1B044600F128
:1094F000140A4FF00009B8E7D8F80450BD426FDDF8
:10950000ED1BAE4234DCD8F80C30022B22D0032BFA
:1095100024D0012B15D1AE4213D1012E0BD1029ACA
:10952000D8F80430136001232361CAF800300E9B81
:1095300062251C603AE7711E2046FEF734FD0028C4
:10954000EDD101982146FEF7D5F80E9A002313605D
:1095500050252BE70F9B002BF3D1E0E70F9B002B4F
:10956000DDD1EEE704A000089A9F00081FA00008C4
:109570006F1EB9F1000F30D127B139462046FEF7F2
:1095800012FD81467A1101235AF8222007F01F07A5
:10959000BB4013422946204618BF49F00209FFF795
:1095A00022FED8F80470761B0225B9F1000F47D0CF
:1095B000D8F80C30022B15D0032B17D0012B09D172
:1095C00019F0020F06D0DAF8003049EA030919F061
:1095D000010F0ED145F0100532E04FF00109D1E73F
:1095E0000125E2E70F9BC3F101030F930F9B002BB3
:1095F000F0D0D4F810B004F114034FEA8B0A03EB57
:109600008B014FF0000C184653F8042BB2F1FF3FCA
:109610001BD001320260022D04F114033CD1D8F8B2
:109620000020013AB24209D17111012253F82130D0
:1096300006F01F0602FA06F61E423AD145F0200552
:109640000E9B1C60029B1F60B0E6994243F804CC5D
:10965000D9D8A3689B4517DB616801980131FEF7F3
:109660000BF8814618B91A4B02468421C5E62269D7
:10967000023204F10C0192000C30FFF783FD214609
:109680000198FEF737F84C4623695A1C04EB830314
:10969000226101225A61BEE722695A450BDD012190
:1096A0002046FFF7A0FDD8F808300137BB42FFF68F
:1096B000E0AE0125C2E716F01F06FAD05344C6F10A
:1096C000200653F8040CFEF7C7F8B042E7DBF0E7DA
:1096D0009A9F0008C2F10802920070B5C2F12006FC
:1096E0004368046803FA06F52C43D340046040F84D
:1096F000043F8842F4D370BD30B50368013311F8DC
:10970000014B14B90360012030BD13F8012BA2F105
:109710004105192D98BF2032A242F0D00020F3E776
:109720002DE9F04F0B6801685E1102EB860613F01D
:109730001F0387B018BF04360025371F82469046A6
:10974000019346F8045CB9463C460295AB464A781C
:109750004B1C039342B3104605910492FFF795FD0D
:10976000002853D1049A0599202A18D8029B9B45BA
:1097700013DD4C4506D2072D04DC2A464946204617
:10978000FFF7A8FF444554D90023A4F1040944F885
:10979000043CCDF808B04C461D460399D7E7292A6A
:1097A00059D10231CAF80010BBF1000F53D04C451B
:1097B00006D2072D04DC2A4649462046FFF78AFFD9
:1097C000444538D9A8F10402234653F8041B42F853
:1097D000041F9F42F9D23B1B23F003030134033ED5
:1097E000B44288BF002308F10402134400211A4642
:1097F00004339F421160FAD23B681BB9474528D118
:1098000001233B60052007B0BDE8F08F0135082D2E
:109810000BF1010B06DD4445BFD9002344F8043C9D
:109820000125043C226800F00F0040EA021020608D
:10983000B3E70825B1E7019B002BDDD0C3F120037E
:109840004FF0FF32DA4056F8043C134046F8043C2F
:10985000D2E7043FD0E70420D5E782B001B901A9DF
:1098600042B14BB113780B601278101E18BF012063
:1098700002B070471046FBE76FF00100F8E72DE9F2
:10988000F041074614460D4621B9BDE8F0411146A6
:10989000FDF766BE2AB9FDF7EFFD25462846BDE86F
:1098A000F08100F03BFA8442064602D8B4EB500F38
:1098B000F4D821463846FDF753FE804608B94546A0
:1098C000ECE7B4422246294628BF3246FFF75AFC4D
:1098D00029463846FDF7D0FDF1E70346084641B179
:1098E000FF2A04D98A221A604FF0FF3070470A70AD
:1098F000012070479368013B002B10B4936008DA95
:109900009469A34201DB0A2903D15DF8044B00F0FE
:109910002FB91368581C1060197008465DF8044B85
:109920007047F8B506460F461446D518AC4201D12B
:10993000002007E014F8011B3A463046FFF7DAFF33
:10994000431CF3D1F8BD00002DE9F0470D469CB053
:1099500014461F46064618B1036A0BB9FCF7C8FD4A
:109960006B6ED90705D4AB899A0502D4A86DFCF7B4
:10997000F8FEAB891B0701D52B699BB929463046F8
:1099800000F034F970B16B6EDC0704D54FF0FF3096
:109990001CB0BDE8F087AB899805F7D4A86DFCF73B
:1099A000E1FEF3E70023099320238DF82930039784
:1099B00030236A4F8DF82A304FF00108234699462C
:1099C00013F8012B0AB1252AF9D1B9EB040A0BD0FF
:1099D0005346224629463046FFF7A3FF013000F0E8
:1099E000A480099A5244099299F80030002B00F0A3
:1099F0009C8000234FF0FF32CDE9052309F10109D6
:109A0000049307938DF853301A934C46534814F837
:109A1000011B0522F6F7F4FB049BD0B9D90644BF1D
:109A200020228DF853201A0744BF2B228DF8532093
:109A300099F800202A2A13D0079A4C4600204FF0AC
:109A40000A0C214611F8013B303B092B49D968B972
:109A500013E0C01B08FA00F018430490A146D4E7B5
:109A6000039A111D12680391002A01DB079204E09A
:109A7000524243F002030792049323782E2B0AD11B
:109A800063782A2B32D1039B1A1D1B68039243EA89
:109A9000E37302340593DFF8D4902178032248461B
:109AA000F6F7AEFB38B1049BA0EB090040228240E0
:109AB00013430134049314F8011B29488DF828102E
:109AC0000622F6F79DFB00283ED0264818BB039BD4
:109AD000073323F0070308330393099B03440993D7
:109AE0006CE70CFB02320C460120AAE7002301348C
:109AF000059319464FF00A0C204610F8012B303A16
:109B0000092A03D9002BC6D00591C4E70CFB01211B
:109B100004460123F0E703AB00932A46124B04A945
:109B20003046FBF78FFE431CD7D16B6ED90705D4A7
:109B3000AB899A0502D4A86DFCF714FEAB895B06CD
:109B40003FF524AF099823E703AB00932A46064B61
:109B500004A93046FCF70CF9E5E700BF06A00008B1
:109B600010A0000845580008239900080CA0000820
:109B7000F8B50E461446054618B1036A0BB9FCF752
:109B8000B7FCA369A360A3891A0701D5236943B968
:109B90002146284600F02AF818B14FF0FF37384622
:109BA000F8BD23682269981A6369F6B28342374682
:109BB00005DC21462846FFF76FFA0028EDD1A3689F
:109BC000013BA36023685A1C22601E706269431C1B
:109BD0009A4204D0A389DB07E1D50A2EDFD12146C2
:109BE0002846FFF759FA0028D9D0D6E738B5284BD0
:109BF000054618680C4618B1036A0BB9FCF778FCE7
:109C0000B4F90C301A0721D4D80607D409222A60E7
:109C100043F04003A3814FF0FF3030E0590712D5E5
:109C2000616B41B104F14403994202D02846FDF72B
:109C300023FC002363630022B4F90C3062602269C4
:109C4000226023F0240343F00803A38122693AB978
:109C50009A0501D5180603D52146284600F08AF852
:109C6000B4F90C3013F001020AD00022A26062693C
:109C70005242A261226942B913F08000C8D138BDB6
:109C8000990758BF6269A260F4E70020F7E700BFB8
:109C9000140100201F2938B505460C4604D91623A7
:109CA00003604FF0FF3038BDC26B12B152F8213063
:109CB0004BB9284600F030F8224601462846BDE858
:109CC000384000F017B8012B0AD0591C03D11623D5
:109CD00003600120E7E7002142F82410204698475E
:109CE0000020E0E7024B01461868FFF7D3BF00BF32
:109CF0001401002038B5074D0023044608461146DC
:109D00002B60F7F7A7F9431C02D12B6803B123603E
:109D100038BD00BF34200020F7F79AB951F8043C51
:109D2000181F002BBCBF0B58C018704770B50C46ED
:109D3000B1F90E10002996B015461E460ADAA1891F
:109D400011F0800113D14FF48062002031602A604D
:109D500016B070BD6A4600F047F80028EFDB0199A5
:109D600001F47041A1F5005359425941EBE700213C
:109D70004022EAE78B8973B59E0705460C4607D556
:109D800004F14703236023610123636102B070BDC6
:109D900001AB6A46FFF7CAFF009E28463146FDF731
:109DA000DFFBB4F90C3038B99A05EFD423F0030384
:109DB00043F00203A381E3E743F08003A381019B07
:109DC0002060C4E90406002BE0D0B4F90E10284648
:109DD00000F01CF80028D9D0A38923F0030343F036
:109DE0000103A381D2E7000038B5074D00230446E4
:109DF000084611462B60F7F75AF9431C02D12B682D
:109E000003B1236038BD00BF3420002038B5064DB3
:109E10000023044608462B60F7F74EF9431C02D195
:109E20002B6803B1236038BD34200020F8B500BF93
:109E3000F8BC08BC9E467047F8B500BFF8BC08BC2B
:049E40009E46704783
:109E4800252E32662C252E32662C252E32662C25A0
:109E58002E32662C252E32662C252E32660A0053A9
:109E6800544D6963726F656C656374726F6E696374
:109E7800730053544D3332205669727475616C20E7
:109E8800436F6D506F72740043444320436F6E6696
:109E980069670043444320496E746572666163656F
:109EA80000494E4600696E66004E414E006E616E76
:109EB8000030003031323334353637383941424397
:109EC80044454600303132333435363738396162EB
:109ED800636465660065256C64002C2066756E6396
:109EE80074696F6E3A2000617373657274696F6E7E
:109EF8002022257322206661696C65643A206669B0
:109F08006C6520222573222C206C696E65202564DF
:109F1800257325730A00496E66696E697479004E67
:109F2800614E005245454E54206D616C6C6F632044
:109F3800737563636565646564002F6275696C6435
:109F48002F676E752D746F6F6C732D666F722D731E
:109F5800746D33325F31342E332E72656C312E328C
:109F6800303235313032372D303730302F7372631D
:109F78002F6E65776C69622F6E65776C69622F6CDE
:109F88006962632F7374646C69622F64746F612EE5
:109F9800630042616C6C6F6320737563636565640D
:109FA8006564002F6275696C642F676E752D746F18
:109FB8006F6C732D666F722D73746D33325F31342D
:109FC8002E332E72656C312E3230323531303237C5
:109FD8002D303730302F7372632F6E65776C69625E
:109FE8002F6E65776C69622F6C6962632F73746476
:109FF8006C69622F6D707265632E63002E00232DCD
:10A00800302B2000686C4C00656667454647004366
:10A0180000504F534958002F6275696C642F676E62
:10A02800752D746F6F6C732D666F722D73746D332D
:10A03800325F31342E332E72656C312E3230323528
:10A04800313032372D303730302F7372632F6E65D1
:10A05800776C69622F6E65776C69622F6C696263D1
:10A068002F7374646C69622F6764746F612D676500
:10A07800746865782E630000A0860100400D030017
:10A08800801A060000350C0040420F0080841E0034
:10A0980000093D0000127A000024F40000366E0129
:10A0A8000048E801006CDC0200000000000000002D
:10A0B8000102030406070809000FC93F000F4940C1
:10A0C80000CB9640000FC9400053FB4000CB16411F
:10A0D80000ED2F41000F49410031624100537B419F
:10A0E800003A8A4100CB9641005CA34100EDAF41A4
:10A0F800007EBC41000FC94100A0D5410031E241BA
:10A1080000C2EE410053FB4100F20342003A0A420A
:10A118000083104200CB164200141D42005C23420B
:10A1280000A5294200ED2F4200363642007E3C420F
:10A1380000C74242000F4942A2000000F900000097
:10A14800830000006E0000004E0000004400000084
:10A158001500000029000000FC0000002700000096
:10A1680057000000D1000000F50000003400000096
:10A17800DD000000C0000000DB00000062000000FD
:10A1880095000000990000003C000000430000001A
:10A198009000000041000000FE0000005100000097
:10A1A80063000000AB000000DE000000BB00000000
:10A1B800C500000061000000B70000002400000096
:10A1C8006E0000003A000000420000004D00000050
:10A1D800D2000000E0000000060000004900000076
:10A1E8002E000000EA00000009000000D100000075
:10A1F800920000001C000000FE0000001D0000008E
:10A20800EB0000001C000000B10000002900000065
:10A21800A70000003E000000E800000082000000E7
:10A2280035000000F50000002E000000BB00000013
:10A238004400000084000000E90000009C000000C9
:10A248007000000026000000B40000005F0000005D
:10A258007E0000004100000039000000910000006D
:10A26800D600000039000000830000005300000001
:10A2780039000000F40000009C0000008400000089
:10A288005F0000008B000000BD000000F900000026
:10A29800280000003B0000001F000000F80000003C
:10A2A80097000000FF000000DE000000050000002D
:10A2B800980000000F000000EF0000002F000000D1
:10A2C800110000008B0000005A0000000A00000086
:10A2D8006D0000001F0000006D0000003600000047
:10A2E8007E000000CF00000027000000CB00000027
:10A2F80009000000B70000004F0000004600000001
:10A308003F000000660000009E0000005F000000A3
:10A31800EA0000002D000000750000002700000082
:10A32800BA000000C7000000EB000000E5000000D4
:10A33800F10000007B0000003D0000000700000065
:10A3480039000000F70000008A00000052000000F9
:10A3580092000000EA0000006B000000FB00000013
:10A368005F000000B10000001F0000008D00000029
:10A378005D00000008000000560000000300000017
:10A388003000000046000000FC0000007B000000D8
:10A398006B000000AB000000F0000000CF000000E0
:10A3A800BC000000200000009A000000F40000003B
:10A3B800360000001D000000A9000000E3000000B6
:10A3C80091000000610000005E000000E60000004F
:10A3D8001B00000008000000650000009900000054
:10A3E800850000005F00000014000000A0000000CD
:10A3F80068000000400000008D000000FF00000021
:10A40800D8000000800000004D000000730000002C
:10A4180027000000310000000600000006000000D0
:10A428001500000056000000CA000000730000007C
:10A43800A8000000C900000060000000E200000061
:10A448007B000000C00000008C0000006B000000D2
:10A458000000C93F0000F0390000DA370000A233DD
:10A468000000842E0000502B0000C2270000D022DC
:10A478000000C41F0000C61B0000441704000000B1
:10A488000700000009000000050000001900000096
:10A498007D000000000000000080E03779C34143E0
:10A4A800176E05B5B5B89346F5F93FE9034F384D32
:10A4B800321D30F94877825A3CBF737FDD4F1575DE
:10A4C800000000000000F03F0000000000002440F1
:10A4D80000000000000059400000000000408F40CC
:10A4E800000000000088C34000000000006AF84037
:10A4F8000000000080842E4100000000D01263415B
:10A508000000000084D797410000000065CDCD41D0
:10A51800000000205FA00242000000E876483742B1
:10A52800000000A2941A6D42000040E59C30A2424F
:10A538000000901EC4BCD64200003426F56B0C43C4
:10A548000080E03779C3414300A0D885573476436B
:10A5580000C84E676DC1AB43003D9160E458E143CC
:10A56800408CB5781DAF154450EFE2D6E41A4B4441
:10A5780092D54D06CFF08044F64AE1C7022DB54486
:10A58800B49DD9794378EA4434000000CEFBFFFF3C
:10A59800CB030000010000000000000035000000AF
:10A5A800CEFBFFFFCB03000001000000000000000D
:10A5B800BC89D897B2D29C3C33A7A8D523F6493991
:10A5C8003DA7F444FD0FA5329D978CCF08BA5B25B3
:10A5D800436FAC642806681100202020202020202A
:10A5E800202028282828282020202020202020203B
:10A5F800202020202020202020881010101010104B
:10A608001010101010101010100404040404040496
:10A618000404041010101010101041414141414130
:10A628000101010101010101010101010101010112
:10A638000101010110101010101042424242424222
:10A6480002020202020202020202020202020202E2
:10A65800020202021010101020000000000000008A
:10A6680000000000000000000000000000000000E2
:10A6780000000000000000000000000000000000D2
:10A6880000000000000000000000000000000000C2
:10A6980000000000000000000000000000000000B2
:10A6A80000000000000000000000000000000000A2
:10A6B8000000000000000000000000000000000092
:10A6C8000000000000000000000000000000000082
:0CA6D80000000000000000000000000076
:08A6E4001C5BFF7F0100000078
:04A6EC00E50100087C
:04A6F000C10100089C
:10A6F40000093D00010000001000000009024300B1
:10A70400020100C032090400000102020100052414
:10A71400001001052401000104240202052406009E
:10A72400010705820308001009040100020A000061
:10A7340000070501024000000705810240000000F7
:10A744001D3B0008BD3A0008CD3900080000000098
:10A754005938000869390008313900080000000040
:10A764000000000000000000E93800089D380008DF
:10A77400E5380008913800080A060002000000408D
:10A7840001000000E5450008C1450008C545000872
:10A79400CD450008C94500081A0300000000000068
:10A7A40000000000000000000000000000000000A5
:10A7B4000000000004030904050F0C000107100247
:10A7C400020000001201010202020040830440570B
:10A7D400000201020301000035460008414600085A
:10A7E400C1460008D946000885460008F14600081D
:10A7F400094700084D46000800000000030000005F
:10A80400F81E00201801002000000000F81E00209F
:10A81400601F0020C81F002000000000000000008E
:10A824000000000000000000000000000000000024
:10A834000000000000000000000000000000000014
:10A844000000000000000000000000000000000004
:10A8540000000000430000000000000000000000B1
:10A8640000000000000000000000000000000000E4
:10A874000000000043000000000000000000000091
:10A8840000000000000000000000000000000000C4
:10A894000000000043000000000000000000000071
:10A8A40000000000000000000000000000000000A4
:10A8B4000000000043000000000000000000000051
:10A8C4000000000000000000000000000000000084
:10A8D4000000000043000000000000000000000031
:10A8E4000000000000000000000000000000000064
:10A8F4000000000043000000000000000000000011
:10A904000000000000000000000000000000000043
:10A9140000000000430000000000000000000000F0
:10A924000000000000000000000000000000000023
:10A9340000000000DB9800085B980008000000009D
:10A94400E0A5000804A00008669E0008669E0008B2
:10A95400669E0008669E0008669E0008669E0008C3
:10A96400669E0008669E0008669E0008FFFFFFFFC3
:10A97400FFFFFFFFFFFFFFFFFFFF00000100415348
:10A9840043494900000000000000000000000000EE
:10A99400000000000000000000000000000041531F
:10A9A40043494900000000000000000000000000CE
:10A9B4000000000000000000000000000000000093
:0400000508001111CD
:00000001FF
